Number,Name,Primary Location,Specialty 1,Specialty 2,Ideal Habitat,Favorite 1,Favorite 2,Favorite 3,Favorite 4,Favorite 5,Favorite 6,Habitat 1,Habitat 1 Withered Wastelands,Habitat 1 Bleak Beach,Habitat 1 Rocky Ridges,Habitat 1 Sparkling Skylands,Habitat 1 Palette Town,Habitat 1 Rarity,Habitat 1 Time,Habitat 1 Weather,Habitat 2,Habitat 2 Withered Wastelands,Habitat 2 Bleak Beach,Habitat 2 Rocky Ridges,Habitat 2 Sparkling Skylands,Habitat 2 Palette Town,Habitat 2 Rarity,Habitat 2 Time,Habitat 2 Weather,Habitat 3,Habitat 3 Withered Wastelands,Habitat 3 Bleak Beach,Habitat 3 Rocky Ridges,Habitat 3 Sparkling Skylands,Habitat 3 Palette Town,Habitat 3 Rarity,Habitat 3 Time,Habitat 3 Weather
#213,Abra,Sparkling Skylands,Teleport,,Dark,Strange stuff,Wobbly stuff,Metal stuff,Soft stuff,Watching stuff,Dry flavors,Surging psychic power,Yes,Yes,Yes,Yes,Yes,Common,"Morning, Day, Evening, Night","Sun, Cloud, Rain",Fortune-teller's table,Yes,Yes,Yes,Yes,Yes,Common,"Morning, Day, Evening, Night","Sun, Cloud, Rain",,,,,,,,,
#127,Absol,Bleak Beach,Chop,,Dark,Soft stuff,Nice breezes,Letters and words,Complicated stuff,Exercise,Dry flavors,Welcoming resort,Yes,Yes,Yes,Yes,Yes,Common,"Morning, Day, Evening, Night","Sun, Cloud, Rain",,,,,,,,,,,,,,,,,,
#271,Aerodactyl,Rocky Ridges,Fly,,Dry,Stone stuff,Nice breezes,Hard stuff,Shiny stuff,Spinning stuff,Sour Flavors,Wing Fossil Display,Yes,Yes,Yes,Yes,Yes,Common,"Morning, Day, Evening, Night","Sun, Cloud, Rain",,,,,,,,,,,,,,,,,,
#215,Alakazam,Sparkling Skylands,Teleport,Trade,Dark,Strange stuff,Wobbly stuff,Metal stuff,Letters and words,Watching stuff,Bitter flavors,Surging psychic power,Yes,Yes,Yes,Yes,Yes,Rare,"Morning, Day, Evening, Night","Sun, Cloud, Rain",Experiment Space,Yes,Yes,Yes,Yes,Yes,Common,"Morning, Day, Evening, Night","Sun, Cloud, Rain",,,,,,,,,
#241,Altaria,Sparkling Skylands,Litter,Fly,Bright,Soft stuff,Nice breezes,Cute stuff,Watching stuff,Noisy stuff,Sour Flavors,Birdsong garden,Yes,Yes,Yes,Yes,Yes,Common,"Morning, Day, Evening, Night","Sun, Cloud, Rain",,,,,,,,,,,,,,,,,,
#278,Amaura,Rocky Ridges,Crush,,Cool,Stone stuff,Hard stuff,Shiny stuff,Group activities,Containers,Dry flavors,Sail Fossil display,Yes,Yes,Yes,Yes,Yes,Common,"Morning, Day, Evening, Night","Sun, Cloud, Rain",,,,,,,,,,,,,,,,,,
#113,Ampharos,Bleak Beach,Generate,Trade,Bright,Electronics,Shiny stuff,Glass stuff,Cute stuff,Pretty flowers,Sour Flavors,Plain life,Yes,Yes,Yes,Yes,Yes,Rare,"Morning, Day, Evening, Night","Sun, Cloud, Rain",,,,,,,,,,,,,,,,,,
#147,Arbok,Rocky Ridges,Search,,Dark,Garbage,Watching stuff,Lots of nature,Slender objects,Spinning stuff,Spicy flavors,Hydrated graceful flower bed,Yes,Yes,Yes,Yes,Yes,Rare,"Morning, Day, Evening, Night","Sun, Cloud, Rain",,,,,,,,,,,,,,,,,,
#089,Arcanine,Rocky Ridges,Burn,Search,Warm,Lots of fire,Stone stuff,Nice breezes,Watching stuff,Symbols,Spicy Flavors,Mini museum,Yes,Yes,Yes,Yes,Yes,Rare,"Morning, Day, Evening, Night","Sun, Cloud, Rain",Magma fishing spot,Yes,Yes,Yes,Yes,Yes,Common,"Morning, Day, Evening, Night","Sun, Cloud, Rain",,,,,,,,,
#110,Ariados,Bleak Beach,Litter,,Humid,Lots of nature,Wooden stuff,Garbage,Rides,Colorful stuff,Sour Flavors,Yellow tall grass,Yes,Yes,Yes,Yes,Yes,Rare,"Morning, Day, Evening, Night","Sun, Cloud, Rain",,,,,,,,,,,,,,,,,,
#201,Armarouge,Rocky Ridges,Burn,,Warm,Lots of fire,Stone stuff,Strange stuff,Exercise,Luxury,Spicy flavors,Auspicious knight's shrine,Yes,Yes,Yes,Yes,Yes,Rare,"Morning, Day, Evening, Night","Sun, Cloud, Rain",,,,,,,,,,,,,,,,,,
#294,Articuno,Dream Island,Fly,,Cool,Lots of water,Nice breezes,Shiny stuff,Symbols,Luxury,Sour Flavors,,,,,,,,,,,,,,,,,,,,,,,,,,,
#131,Audino,Bleak Beach,Trade,,Bright,Soft stuff,Fabric,Healing,Cute stuff,Round stuff,Bitter flavors,Working the register,Yes,Yes,Yes,Yes,Yes,Common,"Morning, Day, Evening, Night","Sun, Cloud, Rain",,,,,,,,,,,,,,,,,,
#279,Aurorus,Rocky Ridges,Crush,Litter,Cool,Stone stuff,Hard stuff,Shiny stuff,Noisy stuff,Symbols,Sour Flavors,Tundra fossil display,Yes,Yes,Yes,Yes,Yes,Common,"Morning, Day, Evening, Night","Sun, Cloud, Rain",,,,,,,,,,,,,,,,,,
#027,Magnemite,Withered Wastelands,Generate,,Bright,Electronics,Metal stuff,Shiny stuff,Hard stuff,Group activities,Bitter flavors,Factory Storage,Yes,Yes,Yes,Yes,Yes,Common,"Morning, Day, Evening, Night","Sun, Cloud, Rain",,,,,,,,,,,,,,,,,,
#116,Azumarill,Bleak Beach,Water,Build,Humid,Lots of water,Cute stuff,Construction,Wobbly stuff,Symbols,Sour Flavors,Dock,Yes,Yes,Yes,Yes,Yes,Rare,"Morning, Day, Evening, Night",Rain,,,,,,,,,,,,,,,,,,
#114,Azurill,Bleak Beach,Water,Hype,Humid,Lots of water,Cute stuff,Cleanliness,Healing,Rides,Sour Flavors,Hydrated yellow tall grass,Yes,Yes,Yes,Yes,Yes,Common,"Morning, Day, Evening, Night","Sun, Cloud, Rain",Perpetual mess,Yes,Yes,Yes,Yes,Yes,Common,"Morning, Day, Evening, Night","Sun, Cloud, Rain",,,,,,,,,
#275,Bastiodon,Rocky Ridges,Crush,Litter,Dry,Stone stuff,Hard stuff,Metal stuff,Luxury,Exercise,Bitter flavors,Shield Fossil display,Yes,Yes,Yes,Yes,Yes,Common,"Morning, Day, Evening, Night","Sun, Cloud, Rain",,,,,,,,,,,,,,,,,,
#245,Beldum,Sparkling Skylands,Recycle,,Cool,Metal stuff,Strange stuff,Hard stuff,Complicated stuff,Stone stuff,Sour Flavors,Cycling rest stop,Yes,Yes,Yes,Yes,Yes,Common,"Morning, Day, Evening, Night","Sun, Cloud, Rain",,,,,,,,,,,,,,,,,,
#078,Pichu,Withered Wastelands,Generate,,Bright,Electronics,Glass stuff,Cute stuff,Pretty flowers,Fabric,Sweet Flavors,Picnic Set,Yes,Yes,Yes,Yes,Yes,Common,"Morning, Day, Evening, Night","Sun, Cloud, Rain",,,,,,,,,,,,,,,,,,
#066,Gurdurr,Withered Wastelands,Build,,Bright,Exercise,Construction,Metal stuff,Slender objects,Group activities,Spicy flavors,Boulder-shaded Tall Grass,Yes,Yes,Yes,Yes,Yes,Rare,"Morning, Day, Evening, Night","Sun, Cloud, Rain",Large luggage carrier,Yes,Yes,Yes,Yes,Yes,Common,"Morning, Day, Evening, Night","Sun, Cloud, Rain",,,,,,,,,
#036,Hitmonchan,Withered Wastelands,Trade,,Bright,Exercise,Group activities,Fabric,Stone stuff,Round stuff,Sweet Flavors,Exercise resting spot,Yes,Yes,Yes,Yes,Yes,Common,"Morning, Day, Evening, Night","Sun, Cloud, Rain",,,,,,,,,,,,,,,,,,
#122,Blaziken,Bleak Beach,Burn,Build,Warm,Lots of fire,Luxury,Exercise,Containers,Construction,Spicy flavors,Chirp-chirp meal,Yes,Yes,Yes,Yes,Yes,Very Rare,"Morning, Day, Evening, Night","Sun, Cloud, Rain",Furnace Spot,Yes,Yes,Yes,Yes,Yes,Rare,"Morning, Day, Evening, Night","Sun, Cloud, Rain",,,,,,,,,
#102,Blissey,Bleak Beach,Trade,Litter,Bright,Soft stuff,Fabric,Healing,Round stuff,Group activities,Sour Flavors,Cuteness overload,Yes,Yes,Yes,Yes,Yes,Rare,"Morning, Day, Evening, Night","Sun, Cloud, Rain",,,,,,,,,,,,,,,,,,
#165,Bonsly,Rocky Ridges,Bulldoze,,Dry,Stone stuff,Hard stuff,Lots of nature,Wooden stuff,Round stuff,Sour Flavors,Tree-shaded red tall grass,Yes,Yes,Yes,Yes,Yes,Common,"Morning, Day, Evening, Night","Sun, Cloud, Rain",,,,,,,,,,,,,,,,,,
#035,Hitmonlee,Withered Wastelands,Trade,,Bright,Exercise,Group activities,Fabric,Stone stuff,Round stuff,Spicy flavors,Urgent Care,Yes,Yes,Yes,Yes,Yes,Common,"Morning, Day, Evening, Night","Sun, Cloud, Rain",,,,,,,,,,,,,,,,,,
#037,Hitmontop,Withered Wastelands,Trade,,Bright,Exercise,Group activities,Fabric,Stone stuff,Round stuff,Sweet Flavors,Gym first aid,Yes,Yes,Yes,Yes,Yes,Common,"Morning, Day, Evening, Night","Sun, Cloud, Rain",,,,,,,,,,,,,,,,,,
#065,Timburr,Withered Wastelands,Build,,Bright,Exercise,Construction,Wooden stuff,Slender objects,Blocky stuff,Spicy flavors,Boulder-shaded Tall Grass,Yes,Yes,Yes,Yes,Yes,Common,"Morning, Day, Evening, Night","Sun, Cloud, Rain",,,,,,,,,,,,,,,,,,
#194,Carkol,Rocky Ridges,Burn,Gather,Warm,Stone stuff,Lots of fire,Hard stuff,Metal stuff,Rides,Spicy flavors,Railroad crossing,Yes,Yes,Yes,Yes,Yes,Common,"Morning, Day, Evening, Night","Sun, Cloud, Rain",,,,,,,,,,,,,,,,,,
#202,Ceruledge,Rocky Ridges,Burn,,Warm,Lots of fire,Stone stuff,Spooky stuff,Strange stuff,Luxury,Bitter flavors,Malicious knight's shrine,Yes,Yes,Yes,Yes,Yes,Common,"Morning, Day, Evening, Night","Sun, Cloud, Rain",,,,,,,,,,,,,,,,,,
#034,Tyrogue,Withered Wastelands,Trade,,Bright,Exercise,Group activities,Fabric,Stone stuff,Round stuff,Spicy flavors,Training waterfall,Yes,Yes,Yes,Yes,Yes,CommonCommon,"Morning, Day, Evening, Night","Sun, Cloud, Rain",,,,,,,,,,,,,,,,,,
#101,Chansey,Bleak Beach,Trade,,Bright,Soft stuff,Fabric,Healing,Round stuff,Group activities,Sweet Flavors,Full recovery,Yes,Yes,Yes,Yes,Yes,Common,"Morning, Day, Evening, Night","Sun, Cloud, Rain",,,,,,,,,,,,,,,,,,
#200,Charcadet,Rocky Ridges,Burn,,Warm,Lots of fire,Stone stuff,Strange stuff,Exercise,Luxury,Sweet Flavors,Piping-hot lava,Yes,Yes,Yes,Yes,Yes,Common,"Morning, Day, Evening, Night","Sun, Cloud, Rain",,,,,,,,,,,,,,,,,,
#016,Bellossom,Withered Wastelands,Grow,Hype,Bright,Lots of nature,Pretty flowers,Play spaces,Cute stuff,Noisy stuff,Sour Flavors,Chansey Resting area,Yes,Yes,Yes,Yes,Yes,Rare,"Morning, Day, Evening, Night","Sun, Cloud, Rain",,,,,,,,,,,,,,,,,,
#139,Charjabug,Bleak Beach,Generate,Chop,Bright,Lots of nature,Electronics,Watching stuff,Glass stuff,Blocky stuff,Bitter flavors,Vending machine break area,Yes,Yes,Yes,Yes,Yes,Rare,"Morning, Day, Evening, Night","Sun, Cloud, Rain",,,,,,,,,,,,,,,,,,
#001,Bulbasaur,Withered Wastelands,Grow,,Bright,Lots of nature,Soft stuff,Cute stuff,Lots of water,Group activities,Sweet Flavors,Tall Grass,Yes,Yes,Yes,Yes,Yes,Common,"Morning, Day, Evening, Night","Sun, Cloud, Rain",Bench with greenery,Yes,Yes,Yes,Yes,Yes,Common,"Morning, Day, Evening, Night","Sun, Cloud, Rain",,,,,,,,,
#057,Combee,Withered Wastelands,Litter,,Bright,Lots of nature,Nice breezes,Wooden stuff,Gatherings,Group activities,Sweet Flavors,Pretty flower bed,Yes,Yes,Yes,Yes,Yes,Common,"Morning, Day, Evening, Night","Sun, Cloud, Rain",,,,,,,,,,,,,,,,,,
#179,Chatot,Rocky Ridges,Hype,Fly,Warm,Nice breezes,Fabric,Slender objects,Play spaces,Noisy stuff,Sweet Flavors,Elevated red tall grass,Yes,Yes,Yes,Yes,Yes,Common,"Morning, Day, Evening","Sun, Cloud, Rain",Elevated red tall grass,Yes,Yes,Yes,Yes,Yes,Rare,"Morning, Day, Evening","Sun, Cloud, Rain",Chirping recital,Yes,Yes,Yes,Yes,Yes,Common,"Morning, Day, Evening","Sun, Cloud, Rain"
#137,Cinccino,Bleak Beach,Gather,Recycle,Bright,Soft stuff,Fabric,Rides,Cute stuff,Cleanliness,Sour Flavors,Private makeup stand,Yes,Yes,Yes,Yes,Yes,Rare,"Morning, Day, Evening, Night","Sun, Cloud, Rain",,,,,,,,,,,,,,,,,,
#190,Cinderace,Rocky Ridges,Burn,Hype,Warm,Lots of fire,Stone stuff,Play spaces,Group activities,Round stuff,Spicy flavors,Red tall grass,Yes,Yes,Yes,Yes,Yes,Very Rare,"Morning, Day, Evening, Night","Sun, Cloud, Rain",Refreshing locker room,Yes,Yes,Yes,Yes,Yes,Rare,"Morning, Day, Evening, Night","Sun, Cloud, Rain",,,,,,,,,
#150,Clefable,Rocky Ridges,Hype,Trade,Dark,Cute stuff,Play spaces,Pretty flowers,Healing,Group activities,Sour Flavors,Graceful flower bed,Yes,Yes,Yes,Yes,Yes,Very Rare,Night,"Sun, Cloud, Rain",Bronze landmark,Yes,Yes,Yes,Yes,Yes,Rare,Night,"Sun, Cloud, Rain",,,,,,,,,
#149,Clefairy,Rocky Ridges,Hype,,Dark,Cute stuff,Play spaces,Pretty flowers,Healing,Group activities,Sweet Flavors,Graceful flower bed,Yes,Yes,Yes,Yes,Yes,Common,Night,"Sun, Cloud, Rain",Bronze landmark,Yes,Yes,Yes,Yes,Yes,Common,Night,"Sun, Cloud, Rain",,,,,,,,,
#148,Cleffa,Rocky Ridges,Hype,,Dark,Cute stuff,Round stuff,Colorful stuff,Healing,Rides,Sweet Flavors,Graceful flower bed,Yes,Yes,Yes,Yes,Yes,Common,Night,"Sun, Cloud, Rain",,,,,,,,,,,,,,,,,,
#118,Clodsire,Bleak Beach,Litter,Bulldoze,Humid,Garbage,Lots of dirt,Lots of water,Cleanliness,Round stuff,Bitter flavors,Marshy tall grass,Yes,Yes,Yes,Yes,Yes,Rare,"Morning, Day, Evening, Night","Sun, Cloud, Rain",Marsh fishing spot,Yes,Yes,Yes,Yes,Yes,Rare,"Morning, Day, Evening, Night","Sun, Cloud, Rain",,,,,,,,,
#195,Coalossal,Rocky Ridges,Burn,Gather,Warm,Stone stuff,Lots of fire,Hard stuff,Metal stuff,Rides,Spicy flavors,Railroad crossing,Yes,Yes,Yes,Yes,Yes,Very Rare,"Morning, Day, Evening, Night","Sun, Cloud, Rain",Heavy iron,Yes,Yes,Yes,Yes,Yes,Rare,"Morning, Day, Evening, Night","Sun, Cloud, Rain",,,,,,,,,
#050,Heracross,Withered Wastelands,Chop,Build,Bright,Lots of nature,Wooden stuff,Pretty flowers,Looks like food,Exercise,Sweet Flavors,Tree-shaded  tall grass,Yes,Yes,Yes,Yes,Yes,Rare,"Morning, Day, Evening, Night","Sun, Cloud, Rain",,,,,,,,,,,,,,,,,,
#121,Combusken,Bleak Beach,Burn,Build,Warm,Lots of fire,Stone stuff,Exercise,Containers,Construction,Spicy flavors,Resort meal prep,Yes,Yes,Yes,Yes,Yes,Rare,"Morning, Day, Evening, Night","Sun, Cloud, Rain",Furnace Spot,Yes,Yes,Yes,Yes,Yes,Common,"Morning, Day, Evening, Night","Sun, Cloud, Rain",,,,,,,,,
#067,Conkeldurr,Sparkling Skylands,Build,Crush,Bright,Exercise,Construction,Stone stuff,Slender objects,Group activities,Spicy flavors,Construction-site generator,Yes,Yes,Yes,Yes,Yes,Common,"Morning, Day, Evening, Night","Sun, Cloud, Rain",,,,,,,,,,,,,,,,,,
#259,Corviknight,Sparkling Skylands,Chop,Fly,Bright,Nice breezes,Metal stuff,Shiny stuff,Containers,Wooden stuff,Bitter flavors,Elevated pink tall grass,Yes,Yes,Yes,Yes,Yes,Very Rare,"Morning, Day, Evening, Night","Sun, Cloud, Rain",Sewer hole inspection,Yes,Yes,Yes,Yes,Yes,,"Morning, Day, Evening, Night","Sun, Cloud, Rain",,,,,,,,,
#258,Corvisquire,Sparkling Skylands,Chop,,Bright,Nice breezes,Shiny stuff,Containers,Slender objects,Wooden stuff,Dry flavors,Elevated pink tall grass,Yes,Yes,Yes,Yes,Yes,Common,"Morning, Day, Evening, Night","Sun, Cloud, Rain",,,,,,,,,,,,,,,,,,
#077,Cramorant,Palette Town,Fly,Water,Humid,Nice breezes,Lots of water,Ocean vibes,Slender objects,Looks like food,Bitter flavors,Hydrated tall grass,No,No,No,No,Yes,Common,"Morning, Day, Evening, Night","Sun, Cloud, Rain",,,,,,,,,,,,,,,,,,
#272,Cranidos,Rocky Ridges,Crush,,Dry,Stone stuff,Hard stuff,Wobbly stuff,Group activities,Exercise,Spicy flavors,Skull Fossil display,Yes,Yes,Yes,Yes,Yes,Common,"Morning, Day, Evening, Night","Sun, Cloud, Rain",,,,,,,,,,,,,,,,,,
#083,Crobat,Bleak Beach,Search,Chop,Dark,Spooky stuff,Nice breezes,Wooden stuff,Garbage,Watching stuff,Dry flavors,Elevated yellow tall grass,Yes,Yes,Yes,Yes,Yes,Very Rare,Night,"Sun, Cloud, Rain",Trash disposal site,Yes,Yes,Yes,Yes,Yes,Rare,Night,"Sun, Cloud, Rain",,,,,,,,,
#002,Ivysaur,Withered Wastelands,Grow,,Bright,Lots of nature,Soft stuff,Cute stuff,Pretty flowers,Colorful stuff,Sour Flavors,Field of Flowers,Yes,Yes,Yes,Yes,Yes,Rare,"Morning, Day, Evening, Night","Sun, Cloud, Rain",Bench with greenery,Yes,Yes,Yes,Yes,Yes,Rare,"Morning, Day, Evening, Night","Sun, Cloud, Rain",,,,,,,,,
#224,Cyndaquil,Sparkling Skylands,Burn,,Warm,Lots of fire,Fabric,Slender objects,Metal stuff,Rides,Sweet Flavors,Concrete pipe secret base,Yes,Yes,Yes,Yes,Yes,Common,"Morning, Day, Evening, Night","Sun, Cloud, Rain",,,,,,,,,,,,,,,,,,
#199,Dachsbun,Rocky Ridges,Search,Trade,Warm,Cute stuff,Watching stuff,Group activities,Lots of fire,Looks like food,Sour Flavors,Graceful flower bed,Yes,Yes,Yes,Yes,Yes,Rare,"Morning, Day, Evening","Sun, Cloud, Rain",Best bread bakery,Yes,Yes,Yes,Yes,Yes,Rare,"Morning, Day, Evening","Sun, Cloud, Rain",,,,,,,,,
#186,Dartrix,Rocky Ridges,Grow,Chop,Dark,Lots of nature,Wooden stuff,Nice breezes,Slender objects,Cleanliness,Sour Flavors,Pointy tree-shaded rocky tall grass,Yes,Yes,Yes,Yes,Yes,Common,"Morning, Day, Evening, Night","Sun, Cloud, Rain",,,,,,,,,,,,,,,,,,
#187,Decidueye,Rocky Ridges,Grow,Chop,Dark,Lots of nature,Spooky stuff,Wooden stuff,Nice breezes,Letters and words,Dry flavors,Pointy tree-shaded rocky tall grass,Yes,Yes,Yes,Yes,Yes,Very Rare,"Morning, Day, Evening, Night","Sun, Cloud, Rain",Modern living,Yes,Yes,Yes,Yes,Yes,Rare,"Morning, Day, Evening, Night","Sun, Cloud, Rain",,,,,,,,,
#254,Dedenne,Sparkling Skylands,Search,,Bright,Electronics,Cute stuff,Watching stuff,Group activities,Looks like food,Sweet Flavors,Tire Park,Yes,Yes,Yes,Yes,Yes,Common,"Morning, Day, Evening, Night","Sun, Cloud, Rain",,,,,,,,,,,,,,,,,,
#154,Diglett,Rocky Ridges,Hype,,Dark,Lots of dirt,Play spaces,Cute stuff,Group activities,Slender objects,Bitter flavors,Tree-shaded red tall grass,Yes,Yes,Yes,Yes,Yes,Common,"Morning, Day, Evening, Night","Sun, Cloud, Rain",Container snacking,Yes,Yes,Yes,Yes,Yes,Common,"Morning, Day, Evening, Night","Sun, Cloud, Rain",,,,,,,,,
#047,Ditto,Dream Island,Transform,,Bright,None,,,,,,,,,,,,,,,,,,,,,,,,,,,,,,,,
#262,Dragapult,Sparkling Skylands,Gather,Trade,Humid,Lots of fire,Spooky stuff,Rides,Strange stuff,Group activities,Spicy flavors,Office storeroom,Yes,Yes,Yes,Yes,Yes,Rare,"Morning, Day, Evening, Night","Sun, Cloud, Rain",,,,,,,,,,,,,,,,,,
#222,Dragonair,Sparkling Skylands,Water,,Humid,Lots of water,Lots of fire,Cleanliness,Glass stuff,Slender objects,Sweet Flavors,Hydrated fluffy flower bed,Yes,Yes,Yes,Yes,Yes,Very Rare,"Morning, Day, Evening, Night","Sun, Cloud, Rain",Simple bathroom,Yes,Yes,Yes,Yes,Yes,Rare,"Morning, Day, Evening, Night","Sun, Cloud, Rain",,,,,,,,,
#223,Dragonite,Sparkling Skylands,Water,Fly,Humid,Lots of fire,Nice breezes,Cleanliness,Symbols,Pretty flowers,Dry flavors,Waterside dinghy,Yes,Yes,Yes,Yes,Yes,Common,"Morning, Day, Evening, Night","Sun, Cloud, Rain",,,,,,,,,,,,,,,,,,
#261,Drakloak,Sparkling Skylands,Gather,Search,Humid,Lots of fire,Spooky stuff,Rides,Strange stuff,Group activities,Sweet Flavors,Tree-shaded pink tall grass,Yes,Yes,Yes,Yes,Yes,Rare,"Morning, Day, Evening, Night","Sun, Cloud, Rain",Office storeroom,Yes,Yes,Yes,Yes,Yes,Common,"Morning, Day, Evening, Night","Sun, Cloud, Rain",,,,,,,,,
#221,Dratini,Sparkling Skylands,Water,,Humid,Lots of water,Lots of fire,Cleanliness,Cute stuff,Slender objects,Sweet Flavors,Hydrated fluffy flower bed,Yes,Yes,Yes,Yes,Yes,Common,"Morning, Day, Evening, Night","Sun, Cloud, Rain",Simple bathroom,Yes,Yes,Yes,Yes,Yes,Common,"Morning, Day, Evening, Night","Sun, Cloud, Rain",,,,,,,,,
#260,Dreepy,Sparkling Skylands,Gather,Search,Humid,Lots of fire,Spooky stuff,Rides,Strange stuff,Group activities,Spicy flavors,Tree-shaded pink tall grass,Yes,Yes,Yes,Yes,Yes,Common,"Morning, Day, Evening, Night","Sun, Cloud, Rain",,,,,,,,,,,,,,,,,,
#062,Drifblim,Sparkling Skylands,Fly,Gather,Warm,Spooky stuff,Strange stuff,Nice breezes,Wobbly stuff,Spinning stuff,Bitter flavors,Plush central,Yes,Yes,Yes,Yes,Yes,Common,"Morning, Day, Evening, Night","Sun, Cloud, Rain",,,,,,,,,,,,,,,,,,
#044,Pinsir,Withered Wastelands,Chop,Build,Bright,Lots of nature,Wooden stuff,Pretty flowers,Sharp stuff,Exercise,Spicy flavors,Tree-shaded  tall grass,Yes,Yes,Yes,Yes,Yes,Rare,"Morning, Day, Evening, Night","Sun, Cloud, Rain",,,,,,,,,,,Yes,Yes,Yes,Yes,Yes,Common,"Morning, Day, Evening, Night","Sun, Cloud, Rain"
#042,Scyther,Withered Wastelands,Chop,,Bright,Lots of nature,Nice breezes,Wooden stuff,Sharp stuff,Exercise,Spicy Flavors,Tree-shaded  tall grass,Yes,Yes,Yes,Yes,Yes,Common,"Morning, Day, Evening, Night","Sun, Cloud, Rain",,,,,,,,,,,,,,,,,,
#155,Dugtrio,Rocky Ridges,Hype,Crush,Dark,Lots of dirt,Play spaces,Gatherings,Group activities,Slender objects,Spicy flavors,Tree-shaded red tall grass,Yes,Yes,Yes,Yes,Yes,Rare,"Morning, Day, Evening, Night","Sun, Cloud, Rain",House party,Yes,Yes,Yes,Yes,Yes,Common,"Morning, Day, Evening, Night","Sun, Cloud, Rain",,,,,,,,,
#243,Dusclops,Sparkling Skylands,Gather,,Dark,Spooky stuff,Strange stuff,Rides,Soft stuff,Containers,Sour Flavors,Trash site TV,Yes,Yes,Yes,Yes,Yes,Rare,Night,"Sun, Cloud, Rain",,,,,,,,,,,,,,,,,,
#244,Dusknoir,Sparkling Skylands,Gather,Trade,Dark,Spooky stuff,Strange stuff,Rides,Group activities,Containers,Bitter flavors,Trash site TV,Yes,Yes,Yes,Yes,Yes,Rare,Night,"Sun, Cloud, Rain",,,,,,,,,,,,,,,,,,
#242,Duskull,Sparkling Skylands,Gather,,Dark,Spooky stuff,Strange stuff,Rides,Glass stuff,Fabric,Bitter flavors,Pink tall grass,Yes,Yes,Yes,Yes,Yes,Common,Night,"Sun, Cloud, Rain",,,,,,,,,,,,,,,,,,
#280,Eevee,Palette Town,Trade,,Warm,Soft stuff,Stone stuff,Cute stuff,Letters and words,Group activities,Sweet Flavors,Pretty flower bed,Yes,Yes,Yes,Yes,Yes,Common,"Morning, Day, Evening, Night","Sun, Cloud, Rain",,,,,,,,,,,,,,,,,,
#146,Ekans,Rocky Ridges,Search,,Dark,Garbage,Watching stuff,Lots of nature,Slender objects,Spinning stuff,Spicy flavors,Hydrated graceful flower bed,Yes,Yes,Yes,Yes,Yes,Common,"Morning, Day, Evening, Night","Sun, Cloud, Rain",,,,,,,,,,,,,,,,,,
#104,Electabuzz,Bleak Beach,Generate,,Bright,Electronics,Glass stuff,Lots of fire,Sharp stuff,Exercise,Spicy flavors,Trash can central,Yes,Yes,Yes,Yes,Yes,Rare,"Morning, Day, Evening, Night","Sun, Cloud, Rain",Light-up stage,Yes,Yes,Yes,Yes,Yes,Common,"Morning, Day, Evening, Night","Sun, Cloud, Rain",,,,,,,,,
#105,Electivire,Bleak Beach,Generate,Crush,Bright,Electronics,Glass stuff,Lots of fire,Hard stuff,Exercise,Sour Flavors,Light-up stage,Yes,Yes,Yes,Yes,Yes,Rare,"Morning, Day, Evening, Night","Sun, Cloud, Rain",Vending machine set,Yes,Yes,Yes,Yes,Yes,Rare,"Morning, Day, Evening, Night","Sun, Cloud, Rain",,,,,,,,,
#097,Electrode,Bleak Beach,Generate,Explode,Bright,Electronics,Shiny stuff,Round stuff,Play spaces,Spinning stuff,Sour Flavors,Park bench,Yes,Yes,Yes,Yes,Yes,Very Rare,"Morning, Day, Evening, Night","Sun, Cloud, Rain",Playing pirate,Yes,Yes,Yes,Yes,Yes,Common,"Morning, Day, Evening, Night","Sun, Cloud, Rain",,,,,,,,,
#103,Elekid,Bleak Beach,Generate,,Bright,Electronics,Glass stuff,Cute stuff,Round stuff,Spinning stuff,Sweet Flavors,Vending machine set,Yes,Yes,Yes,Yes,Yes,Common,"Morning, Day, Evening, Night","Sun, Cloud, Rain",,,,,,,,,,,,,,,,,,
#130,Empoleon,Bleak Beach,Water,Trade,Humid,Lots of water,Ocean vibes,Metal stuff,Cleanliness,Letters and words,Bitter flavors,Tableside delivery cart,Yes,Yes,Yes,Yes,Yes,Common,"Morning, Day, Evening, Night","Sun, Cloud, Rain",Waterwheel Spot,Yes,Yes,Yes,Yes,Yes,Very Rare,"Morning, Day, Evening, Night",Rain,,,,,,,,,
#291,Entei,Dream Island,Burn,,Warm,Lots of fire,Stone stuff,Symbols,Exercise,Luxury,Bitter flavors,,,,,,,,,,,,,,,,,,,,,,,,,,,
#284,Espeon,Palette Town,Gather,,Bright,Strange stuff,Nice breezes,Cute stuff,Complicated stuff,Watching stuff,Sweet flavors,Elegant daytime treats,No,No,No,No,Yes,Common,"Morning, Day, Evening, Night","Sun, Cloud, Rain",,,,,,,,,,,,,,,,,,
#020,Venomoth,Withered Wastelands,Search,,Bright,Lots of nature,Wooden stuff,Watching stuff,Nice breezes,Pretty flowers,Bitter flavors,Illuminated tall grass,Yes,Yes,Yes,Yes,Yes,Rare,Night,"Sun, Cloud, Rain",Illuminated bench,Yes,Yes,Yes,Yes,Yes,Rare,Night,"Sun, Cloud, Rain",,,,,,,,,
#098,Exeggcute,Bleak Beach,Grow,Teleport,Bright,Lots of nature,Strange stuff,Gatherings,Watching stuff,Group activities,Spicy flavors,Tropical vibes,Yes,Yes,Yes,Yes,Yes,Common,"Morning, Day, Evening, Night","Sun, Cloud, Rain",Shaded beach,Yes,Yes,Yes,Yes,Yes,Common,"Morning, Day, Evening, Night","Sun, Cloud, Rain",Red tall grass,Yes,Yes,Yes,Yes,Yes,Rare,"Morning, Day, Evening, Night","Sun, Cloud, Rain"
#099,Exeggutor,Bleak Beach,Grow,Teleport,Bright,Lots of nature,Strange stuff,Gatherings,Watching stuff,Wooden stuff,Dry flavors,Tropical vibes,Yes,Yes,Yes,Yes,Yes,Very Rare,"Morning, Day, Evening, Night","Sun, Cloud, Rain",Shaded beach,Yes,Yes,Yes,Yes,Yes,Rare,"Morning, Day, Evening, Night","Sun, Cloud, Rain",,,,,,,,,
#230,Farigiraf,Sparkling Skylands,Gather,Search,Warm,Soft stuff,Strange stuff,Rides,Watching stuff,Slender objects,Sour Flavors,Tree-shaded fluffy flower bed,Yes,Yes,Yes,Yes,Yes,Rare,"Morning, Day, Evening, Night","Sun, Cloud, Rain",,,,,,,,,,,,,,,,,,
#198,Fidough,Rocky Ridges,Search,,Warm,Cute stuff,Watching stuff,Soft stuff,Lots of fire,Letters and words,Sweet Flavors,Graceful flower bed,Yes,Yes,Yes,Yes,Yes,Common,"Morning, Day, Evening","Sun, Cloud, Rain",Best bread bakery,Yes,Yes,Yes,Yes,Yes,Common,"Morning, Day, Evening","Sun, Cloud, Rain",,,,,,,,,
#112,Flaaffy,Bleak Beach,Generate,Litter,Bright,Electronics,Shiny stuff,Glass stuff,Cute stuff,Rides,Bitter flavors,Night festival venue,Yes,Yes,Yes,Yes,Yes,Common,"Morning, Day, Evening, Night","Sun, Cloud, Rain",Knitting station,Yes,Yes,Yes,Yes,Yes,Rare,"Morning, Day, Evening, Night","Sun, Cloud, Rain",,,,,,,,,
#283,Flareon,Palette Town,Burn,,Warm,Lots of fire,Wooden stuff,Cute stuff,Metal stuff,Rides,Spicy flavors,Burning-hot spice,No,No,No,No,Yes,Common,"Morning, Day, Evening, Night","Sun, Cloud, Rain",,,,,,,,,,,,,,,,,,
#264,Floragato,Sparkling Skylands,Grow,,Bright,Lots of nature,Pretty flowers,Sharp stuff,Colorful stuff,Cute stuff,Sour Flavors,Interrogation desk,Yes,Yes,Yes,Yes,Yes,Common,"Morning, Day, Evening, Night","Sun, Cloud, Rain",,,,,,,,,,,,,,,,,,
#239,Flygon,Sparkling Skylands,Bulldoze,Fly,Dry,Lots of dirt,Lots of fire,Lots of nature,Stone stuff,Wooden stuff,Sour Flavors,Pink tall grass,Yes,Yes,Yes,Yes,Yes,Rare,"Morning, Day, Evening, Night","Sun, Cloud, Rain",,,,,,,,,,,,,,,,,,
#019,Venonat,Withered Wastelands,Search,,Bright,Lots of nature,Wooden stuff,Watching stuff,Complicated stuff,Letters and words,Bitter flavors,Illuminated tall grass,Yes,Yes,Yes,Yes,Yes,Common,Night,"Sun, Cloud, Rain",Illuminated bench,Yes,Yes,Yes,Yes,Yes,Common,Night,"Sun, Cloud, Rain",,,,,,,,,
#251,Froakie,Sparkling Skylands,Water,,Humid,Lots of water,Ocean vibes,Cleanliness,Watching stuff,Containers,Spicy flavors,Hydrated pink tall grass,Yes,Yes,Yes,Yes,Yes,Common,"Morning, Day, Evening, Night","Sun, Cloud, Rain",,,,,,,,,,,,,,,,,,
#252,Frogadier,Sparkling Skylands,Water,,Humid,Lots of water,Ocean vibes,Cleanliness,Watching stuff,Exercise,Spicy flavors,Hydrated pink tall grass,Yes,Yes,Yes,Yes,Yes,Common,"Morning, Day, Evening, Night","Sun, Cloud, Rain",Prank button,Yes,Yes,Yes,Yes,Yes,Rare,"Morning, Day, Evening, Night","Sun, Cloud, Rain",,,,,,,,,
#234,Gallade,Sparkling Skylands,Teleport,Build,Bright,Strange stuff,Exercise,Healing,Construction,Fabric,Spicy flavors,Dojo training,Yes,Yes,Yes,Yes,Yes,Rare,"Morning, Day, Evening, Night","Sun, Cloud, Rain",,,,,,,,,,,,,,,,,,
#133,Garbodor,Bleak Beach,Recycle,Litter,Humid,Garbage,Containers,Complicated stuff,Shiny stuff,Gatherings,Sour Flavors,Trash collection site,Yes,Yes,Yes,Yes,Yes,Rare,"Morning, Day, Evening, Night","Sun, Cloud, Rain",,,,,,,,,,,,,,,,,,
#233,Gardevoir,Sparkling Skylands,Teleport,Trade,Bright,Strange stuff,Luxury,Healing,Watching stuff,Symbols,Sour Flavors,Moisturizing makeup stand,Yes,Yes,Yes,Yes,Yes,Rare,"Morning, Day, Evening, Night","Sun, Cloud, Rain",Mini library,Yes,Yes,Yes,Yes,Yes,Rare,"Morning, Day, Evening, Night","Sun, Cloud, Rain",,,,,,,,,
#093,Gastly,Bleak Beach,Gather,Trade,Dark,Spooky stuff,Strange stuff,Garbage,Containers,Group activities,Spicy flavors,Spooky study,Yes,Yes,Yes,Yes,Yes,Common,Night,"Sun, Cloud, Rain",,,,,,,,,,,,,,,,,,
#003,Venusaur,Withered Wastelands,Grow,Litter,Bright,Lots of nature,Soft stuff,Cute stuff,Pretty flowers,Luxury,Sour Flavors,Field of Flowers,Yes,Yes,Yes,Yes,Yes,Rare,"Morning, Day, Evening, Night","Sun, Cloud, Rain",Garden Terrace,Yes,Yes,Yes,Yes,Yes,Rare,"Morning, Day, Evening, Night","Sun, Cloud, Rain",,,,,,,,,
#058,Vespiquen,Withered Wastelands,Gather Honey,Search,Bright,Lots of nature,Nice breezes,Wooden stuff,Gatherings,Complicated stuff,Sweet Flavors,Field of Flowers,Yes,Yes,Yes,Yes,Yes,Common,"Morning, Day, Evening, Night","Sun, Cloud, Rain",,,,,,,,,,,,,,,,,,
#095,Gengar,Bleak Beach,Gather,Trade,Dark,Spooky stuff,Strange stuff,Garbage,Rides,Group activities,Sweet Flavors,Surprise in store,Yes,Yes,Yes,Yes,Yes,Rare,Night,"Sun, Cloud, Rain",,,,,,,,,,,,,,,,,,
#159,Geodude,Palette Town,Crush,,Dark,Stone stuff,Hard stuff,Spinning stuff,Round stuff,Exercise,Dry flavors,Tall Grass,No,No,No,No,Yes,Common,"Morning, Day, Evening, Night","Sun, Cloud, Rain",,,,,,,,,,,,,,,,,,
#206,Gholdengo,Rocky Ridges,Collect,,Bright,Spooky stuff,Metal stuff,Strange stuff,Shiny stuff,Complicated stuff,Dry flavors,Absolute luxury,Yes,Yes,Yes,Yes,Yes,Rare,"Morning, Day, Evening, Night","Sun, Cloud, Rain",,,,,,,,,,,,,,,,,,
#205,Gimmighoul,Rocky Ridges,Collect,,Dark,Spooky stuff,Metal stuff,Strange stuff,Shiny stuff,Complicated stuff,Bitter flavors,Mini museum,Yes,Yes,Yes,Yes,Yes,Common,"Morning, Day, Evening, Night","Sun, Cloud, Rain",,,,,,,,,,,,,,,,,,
#229,Girafarig,Sparkling Skylands,Gather,,Warm,Soft stuff,Strange stuff,Rides,Watching stuff,Slender objects,Sour Flavors,Tree-shaded fluffy flower bed,Yes,Yes,Yes,Yes,Yes,Common,"Morning, Day, Evening, Night","Sun, Cloud, Rain",,,,,,,,,,,,,,,,,,
#287,Glaceon,Palette Town,Trade,,Cool,Lots of water,Shiny stuff,Cute stuff,Glass stuff,Group activities,Sweet Flavors,Chilly shaved ice,No,No,No,No,Yes,Common,"Morning, Day, Evening, Night","Sun, Cloud, Rain",,,,,,,,,,,,,,,,,,
#203,Glimmet,Rocky Ridges,Litter,,Dark,Stone stuff,Hard stuff,Garbage,Shiny stuff,Complicated stuff,Bitter flavors,Creepy white rocks,Yes,Yes,Yes,Yes,Yes,Common,"Morning, Day, Evening, Night","Sun, Cloud, Rain",Container snacking,Yes,Yes,Yes,Yes,Yes,Common,"Morning, Day, Evening, Night","Sun, Cloud, Rain",,,,,,,,,
#204,Glimmora,Rocky Ridges,Litter,,Dark,Stone stuff,Hard stuff,Garbage,Shiny stuff,Complicated stuff,Bitter flavors,Creepy white rocks,Yes,Yes,Yes,Yes,Yes,Rare,"Morning, Day, Evening, Night","Sun, Cloud, Rain",Container snacking,Yes,Yes,Yes,Yes,Yes,Common,"Morning, Day, Evening, Night","Sun, Cloud, Rain",,,,,,,,,
#014,Gloom,Bleak Beach,Grow,,Humid,Lots of nature,Lots of dirt,Soft stuff,Pretty flowers,Garbage,Dry flavors,Tropical vibes,Yes,Yes,Yes,Yes,Yes,Common,"Morning, Day, Evening, Night","Sun, Cloud, Rain",,,,,,,,,,,,,,,,,,
#082,Golbat,Bleak Beach,Search,,Dark,Spooky stuff,Nice breezes,Wooden stuff,Noise stuff,Complicated stuff,Spicy flavors,Tree-shaded Yellow tall grass,Yes,Yes,Yes,Yes,Yes,Rare,Night,"Sun, Cloud, Rain",,,,,,,,,,,,,,,,,,
#087,Golduck,Bleak Beach,Search,,Humid,Lots of water,Ocean vibes,Strange stuff,Complicated stuff,Sharp stuff,Dry flavors,Hot-spring shower,Yes,Yes,Yes,Yes,Yes,Rare,"Morning, Day, Evening, Night","Sun, Cloud, Rain",,,,,,,,,,,,,,,,,,
#161,Golem,Rocky Ridges,Crush,Trade,Dark,Stone stuff,Hard stuff,Spinning stuff,Round stuff,Exercise,Sour Flavors,Mossy boulder,Yes,Yes,Yes,Yes,Yes,Rare,"Morning, Day, Evening, Night","Sun, Cloud, Rain",,,,,,,,,,,,,,,,,,
#140,Vikavolt,Withered Wastelands,Generate,Chop,Bright,Lots of nature,Electronics,Exercise,Glass stuff,Nice breezes,Dry flavors,Tree-shaded flower bed,Yes,Yes,Yes,Yes,Yes,Rare,"Morning, Day, Evening, Night","Sun, Cloud, Rain",,,,,,,,,,,,,,,,,,
#012,Pidgeot,Withered Wastelands,Fly,Chop,Bright,Soft stuff,Nice breezes,Wooden stuff,Lots of nature,Luxury,Sour Flavors,Luxury chirp-chirp meal,Yes,Yes,Yes,Yes,Yes,Common,"Morning, Day, Evening","Sun, Cloud, Rain",,,,,,,,,,,,,,,,,,
#160,Graveler,Rocky Ridges,Crush,,Dark,Stone stuff,Hard stuff,Spinning stuff,Round stuff,Exercise,Bitter flavors,Mossy boulder,Yes,Yes,Yes,Yes,Yes,Common,"Morning, Day, Evening, Night","Sun, Cloud, Rain",,,,,,,,,,,,,,,,,,
#192,Greedent,Rocky Ridges,Party,,Warm,Soft stuff,Metal stuff,Group activities,Looks like food,Luxury,Sweet Flavors,Chef's kitchen,Yes,Yes,Yes,Yes,Yes,Common,"Morning, Day, Evening, Night","Sun, Cloud, Rain",,,,,,,,,,,,,,,,,,
#253,Greninja,Sparkling Skylands,Water,Chop,Humid,Lots of water,Ocean vibes,Cleanliness,Shiny stuff,Exercise,Bitter flavors,Hydrated pink tall grass,Yes,Yes,Yes,Yes,Yes,Rare,"Morning, Day, Evening, Night","Sun, Cloud, Rain",Prank button,Yes,Yes,Yes,Yes,Yes,Rare,"Morning, Day, Evening, Night","Sun, Cloud, Rain",,,,,,,,,
#091,Grimer,Bleak Beach,Litter,,Dark,Garbage,Spooky stuff,Gatherings,Shiny stuff,Containers,Bitter flavors,Marsh fishing spot,Yes,Yes,Yes,Yes,Yes,Common,"Morning, Day, Evening, Night","Sun, Cloud, Rain",,,,,,,,,,,,,,,,,,
#088,Growlithe,Bleak Beach,Burn,Search,Warm,Lots of fire,Stone stuff,Nice breezes,Letters and words,Pretty flowers,Sweet Flavors,Perpetual mess,Yes,Yes,Yes,Yes,Yes,Common,"Morning, Day, Evening, Night","Sun, Cloud, Rain",Resort meal prep,Yes,Yes,Yes,Yes,Yes,Common,"Morning, Day, Evening, Night","Sun, Cloud, Rain",,,,,,,,,
#138,Grubbin,Bleak Beach,Chop,,Bright,Lots of nature,Electronics,Watching stuff,Lots of dirt,Containers,Dry flavors,Yellow tall grass,Yes,Yes,Yes,Yes,Yes,,"Morning, Day, Evening, Night","Sun, Cloud, Rain",Vending machine break area,Yes,Yes,Yes,Yes,Yes,Common,"Morning, Day, Evening, Night","Sun, Cloud, Rain",,,,,,,,,
#011,Pidgeotto,Withered Wastelands,Fly,Search,Bright,Soft stuff,Nice breezes,Watching stuff,Lots of nature,Looks like food,Spicy flavors,Elevated tall grass,Yes,Yes,Yes,Yes,Yes,Rare,"Morning, Day, Evening","Sun, Cloud, Rain",Pretty flower bed,Yes,Yes,Yes,Yes,Yes,Rare,"Morning, Day, Evening","Sun, Cloud, Rain",,,,,,,,,
#010,Pidgey,Withered Wastelands,Fly,Search,Bright,Soft stuff,Nice breezes,Watching stuff,Lots of nature,Play spaces,Sour Flavors,Elevated tall grass,Yes,Yes,Yes,Yes,Yes,Common,"Morning, Day, Evening","Sun, Cloud, Rain",Pretty flower bed,Yes,Yes,Yes,Yes,Yes,Common,"Morning, Day, Evening, Night","Sun, Cloud, Rain",,,,,,,,,
#046,Gyarados,Sparkling Skylands,Water,,Humid,Lots of water,Ocean vibes,Nice breezes,Cleanliness,Slender objects,Spicy flavors,Illuminated waterfall,Yes,Yes,Yes,Yes,Yes,Common,"Morning, Day, Evening, Night","Sun, Cloud, Rain",,,,,,,,,,,,,,,,,,
#100,Happiny,Bleak Beach,Trade,,Bright,Soft stuff,Fabric,Healing,Round stuff,Containers,Sweet Flavors,Alarm clock sleep zone,Yes,Yes,Yes,Yes,Yes,Common,"Morning, Day, Evening, Night","Sun, Cloud, Rain",Working the register,Yes,Yes,Yes,Yes,Yes,Common,"Morning, Day, Evening, Night","Sun, Cloud, Rain",,,,,,,,,
#126,Hariyama,Bleak Beach,Build,Bulldoze,Bright,Exercise,Construction,Fabric,Round stuff,Rides,Spicy flavors,Tree-shaded Yellow tall grass,Yes,Yes,Yes,Yes,Yes,Rare,"Morning, Day, Evening, Night","Sun, Cloud, Rain",All packed up,Yes,Yes,Yes,Yes,Yes,Rare,"Morning, Day, Evening, Night","Sun, Cloud, Rain",,,,,,,,,
#094,Haunter,Bleak Beach,Gather,Trade,Dark,Spooky stuff,Strange stuff,Garbage,Wobbly stuff,Group activities,Spicy flavors,Surprise in store,Yes,Yes,Yes,Yes,Yes,Common,Night,"Sun, Cloud, Rain",Spooky study,Yes,Yes,Yes,Yes,Yes,Rare,Night,"Sun, Cloud, Rain",,,,,,,,,
#063,Drilbur,Withered Wastelands,Search,,Dark,Lots of dirt,Strange stuff,Lots of nature,Watching stuff,Sharp stuff,Sour Flavors,Fresh Veggie Field,Yes,Yes,Yes,Yes,Yes,Common,"Morning, Day, Evening, Night","Sun, Cloud, Rain",,,,,,,,,,,,,,,,,,
#064,Excadrill,Withered Wastelands,Search,Chop,Dark,Lots of dirt,Metal stuff,Exercise,Watching stuff,Sharp stuff,Sour Flavors,Fresh Veggie Field,Yes,Yes,Yes,Yes,Yes,Rare,"Morning, Day, Evening, Night","Sun, Cloud, Rain",,,,,,,,,,,,,,,,,,
#071,Axew,Withered Wastelands,Chop,,Dark,Lots of fire,Luxury,Lots of dirt,Hard stuff,Sharp stuff,Sweet Flavors,Lumberjack's workplace,Yes,Yes,Yes,Yes,Yes,Common,"Morning, Day, Evening, Night","Sun, Cloud, Rain",Crazy log handicrafts,Yes,Yes,Yes,Yes,Yes,Common,"Morning, Day, Evening, Night","Sun, Cloud, Rain",,,,,,,,,
#072,Fraxure,Withered Wastelands,Chop,,Dark,Lots of fire,Luxury,Lots of dirt,Exercise,Sharp stuff,Spicy flavors,Lumberjack's workplace,Yes,Yes,Yes,Yes,Yes,Common,"Morning, Day, Evening, Night","Sun, Cloud, Rain",Crazy log handicrafts,Yes,Yes,Yes,Yes,Yes,Rare,"Morning, Day, Evening, Night","Sun, Cloud, Rain",,,,,,,,,
#073,Haxorus,Withered Wastelands,Chop,Litter,Dark,Lots of fire,Luxury,Lots of dirt,Exercise,Sharp stuff,Sour Flavors,Lumberjack's workplace,Yes,Yes,Yes,Yes,Yes,Rare,"Morning, Day, Evening, Night","Sun, Cloud, Rain",Crazy log handicrafts,Yes,Yes,Yes,Yes,Yes,Very Rare,"Morning, Day, Evening, Night","Sun, Cloud, Rain",,,,,,,,,
#298,Ho-Oh,Dream Island,???,,Warm,Lots of fire,Wooden stuff,Nice breezes,Lots of nature,Symbols,Spicy flavors,,,,,,,,,,,,,,,,,,,,,,,,,,,
#168,Honchkrow,Rocky Ridges,Trade,Fly,Dark,Shiny stuff,Nice breezes,Spooky stuff,Letters and words,Glass stuff,Bitter flavors,Chirping recital,Yes,Yes,Yes,Yes,Yes,Rare,Night,"Sun, Cloud, Rain",,,,,,,,,,,,,,,,,,
#052,Illumise,Withered Wastelands,Hype,,Dark,Lots of nature,Wooden stuff,Shiny stuff,Cute stuff,Group activities,Sour Flavors,Hydrated flower bed,Yes,Yes,Yes,Yes,Yes,Rare,"Morning, Day, Evening, Night","Sun, Cloud, Rain",,,,,,,,,,,Yes,Yes,Yes,Yes,Yes,Common,Night,"Sun, Cloud, Rain"
#151,Igglybuff,Rocky Ridges,Hype,,Warm,Soft stuff,Cute stuff,Play spaces,Healing,Noisy stuff,Sweet Flavors,Flower garden stump stage,Yes,Yes,Yes,Yes,Yes,Common,"Morning, Day, Evening, Night","Sun, Cloud, Rain",,,,,,,,,,,,,,,,,,
#051,Volbeat,Withered Wastelands,Hype,,Dark,Lots of nature,Wooden stuff,Shiny stuff,Cute stuff,Group activities,Sweet Flavors,Hydrated flower bed,Yes,Yes,Yes,Yes,Yes,Rare,"Morning, Day, Evening, Night","Sun, Cloud, Rain",,,,,,,,,,,,,,,,,,
#048,Hoothoot,Withered Wastelands,Trade,Fly,Dark,Soft stuff,Nice breezes,Fabric,Wobbly stuff,Watching stuff,Dry flavors,Elevated tall grass,Yes,Yes,Yes,Yes,Yes,Common,Night,"Sun, Cloud, Rain",Pretty flower bed,Yes,Yes,Yes,Yes,Yes,Common,Night,"Sun, Cloud, Rain",Gently lit bed,,,,,,,,
#152,Jigglypuff,Rocky Ridges,Hype,,Bright,Soft stuff,Cute stuff,Play spaces,Healing,Wobbly stuff,Sweet Flavors,Flower garden stump stage,Yes,Yes,Yes,Yes,Yes,Common,"Morning, Day, Evening, Night","Sun, Cloud, Rain",Recital stage,Yes,Yes,Yes,Yes,Yes,Common,"Morning, Day, Evening, Night","Sun, Cloud, Rain",,,,,,,,,
#282,Jolteon,Palette Town,Generate,,Bright,Electronics,Shiny stuff,Cute stuff,Glass stuff,Sharp stuff,Spicy flavors,Electrifying potatoes,No,No,No,No,Yes,Common,"Morning, Day, Evening, Night","Sun, Cloud, Rain",,,,,,,,,,,,,,,,,,
#214,Kadabra,Sparkling Skylands,Teleport,,Dark,Strange stuff,Wobbly stuff,Metal stuff,Containers,Watching stuff,Dry flavors,Fortune-teller's table,Yes,Yes,Yes,Yes,Yes,Rare,"Morning, Day, Evening, Night","Sun, Cloud, Rain",,,,,,,,,,,,,,,,,,
#267,Kilowattrel,Sparkling Skylands,Generate,Fly,Bright,Electronics,Nice breezes,Ocean vibes,Gatherings,Slender objects,Dry flavors,Elevated pink tall grass,Yes,Yes,Yes,Yes,Yes,Rare,"Morning, Day, Evening, Night","Sun, Cloud, Rain",,,,,,,,,,,,,,,,,,
#232,Kirlia,Sparkling Skylands,Teleport,,Bright,Strange stuff,Cute stuff,Healing,Watching stuff,Symbols,Sweet Flavors,Study Area,Yes,Yes,Yes,Yes,Yes,Rare,"Morning, Day, Evening, Night","Sun, Cloud, Rain",Moisturizing makeup stand,Yes,Yes,Yes,Yes,Yes,Common,"Morning, Day, Evening, Night","Sun, Cloud, Rain",,,,,,,,,
#038,Koffing,Palette Town,Recycle,,Dark,Garbage,Gatherings,Complicated stuff,Soft stuff,Wobbly stuff,Bitter flavors,Trash collection site,No,No,No,No,Yes,Common,"Morning, Day, Evening, Night","Sun, Cloud, Rain",,,,,,,,,,,,,,,,,,
#177,Kricketot,Rocky Ridges,Hype,,Dark,Lots of nature,Wooden stuff,Noisy stuff,Colorful stuff,Watching stuff,Bitter flavors,Red tall grass,Yes,Yes,Yes,Yes,Yes,Common,"Morning, Day, Evening, Night","Sun, Cloud, Rain",Music and magazines,Yes,Yes,Yes,Yes,Yes,Common,"Morning, Day, Evening, Night","Sun, Cloud, Rain",,,,,,,,,
#178,Kricketune,Rocky Ridges,Hype,,Dark,Lots of nature,Wooden stuff,Noisy stuff,Colorful stuff,Watching stuff,Spicy Flavors,Music and magazines,Yes,Yes,Yes,Yes,Yes,Common,"Morning, Day, Evening, Night","Sun, Cloud, Rain",,,,,,,,,,,,,,,,,,
#289,Kyogre,Dream Island,???,,Humid,Lots of water,Ocean vibes,Luxury,Shiny stuff,Glass stuff,Dry flavors,,,,,,,,,,,,,,,,,,,,,,,,,,,
#049,Noctowl,Withered Wastelands,Trade,Fly,Dark,Soft stuff,Nice breezes,Letters and words,Containers,Watching stuff,Dry flavors,Elevated tall grass,Yes,Yes,Yes,Yes,Yes,Rare,Night,"Sun, Cloud, Rain",Gently lit bed,Yes,Yes,Yes,Yes,Yes,Rare,"Morning, Day, Evening, Night","Sun, Cloud, Rain",,,,,,,,,
#106,Lapras,Bleak Beach,Water,,Humid,Lots of water,Ocean vibes,Cleanliness,Watching stuff,Healing,Sour Flavors,Tropical seaside,Yes,Yes,Yes,Yes,Yes,Common,"Morning, Day, Evening, Night","Sun, Cloud, Rain",,,,,,,,,,,,,,,,,,
#183,Larvesta,Rocky Ridges,Burn,,Dry,Lots of nature,Lots of fire,Sharp stuff,Wooden stuff,Symbols,Bitter flavors,Tree-shaded graceful flower bed,Yes,Yes,Yes,Yes,Yes,Common,"Morning, Day, Evening, Night","Sun, Cloud, Rain",,,,,,,,,,,,,,,,,,
#169,Larvitar,Rocky Ridges,Crush,Bulldoze,Dark,Stone stuff,Lots of dirt,Luxury,Shiny stuff,Looks like food,Sweet Flavors,Mossy rest spot,Yes,Yes,Yes,Yes,Yes,Common,"Morning, Day, Evening, Night","Sun, Cloud, Rain",,,,,,,,,,,,,,,,,,
#286,Leafeon,Palette Town,Grow,,Bright,Lots of nature,Pretty flowers,Cute stuff,Fabric,Healing,Sour Flavors,Leafy greens sandwich,No,No,No,No,Yes,Common,"Morning, Day, Evening, Night","Sun, Cloud, Rain",,,,,,,,,,,,,,,,,,
#032,Cubone,Withered Wastelands,Build,,Dry,Lots of dirt,Construction,Exercise,Slender objects,Group activities,Bitter flavors,Grave with flowers,Yes,Yes,Yes,Yes,Yes,Common,"Morning, Day, Evening, Night","Sun, Cloud, Rain",,,,,,,,,,,,,,,,,,
#173,Lombre,Rocky Ridges,Water,,Humid,Lots of water,Lots of nature,Cleanliness,Containers,Noisy stuff,Bitter flavors,Hydrated red tall grass,Yes,Yes,Yes,Yes,Yes,Rare,"Morning, Day, Evening, Night","Sun, Cloud, Rain",Hot-spring Fishing Spot,Yes,Yes,Yes,Yes,Yes,Common,"Morning, Day, Evening, Night","Sun, Cloud, Rain",,,,,,,,,
#172,Lotad,Rocky Ridges,Water,,Humid,Lots of water,Lots of nature,Cleanliness,Containers,Noisy stuff,Dry flavors,Hydrated red tall grass,Yes,Yes,Yes,Yes,Yes,Common,"Morning, Day, Evening, Night","Sun, Cloud, Rain",Uplifting duckweed,Yes,Yes,Yes,Yes,Yes,Common,"Morning, Day, Evening, Night","Sun, Cloud, Rain",Hot-spring Fishing Spot,Yes,Yes,Yes,Yes,Yes,Common,"Morning, Day, Evening, Night","Sun, Cloud, Rain"
#181,Lucario,Rocky Ridges,Build,,Dark,Exercise,Metal stuff,Construction,Complicated stuff,Healing,Dry flavors,Box to the rhythm,Yes,Yes,Yes,Yes,Yes,Common,"Morning, Day, Evening, Night","Sun, Cloud, Rain",,,,,,,,,,,,,,,,,,
#174,Ludicolo,Rocky Ridges,Water,Hype,Humid,Lots of water,Lots of nature,Play spaces,Containers,Noisy stuff,Dry flavors,Uplifting duckweed,Yes,Yes,Yes,Yes,Yes,Rare,"Morning, Day, Evening, Night","Sun, Cloud, Rain",,,,,,,,,,,,,,,,,,
#297,Lugia,Dream Island,???,,Humid,Strange stuff,Nice breezes,Lots of water,Ocean vibes,Symbols,Dry flavors,,,,,,,,,,,,,,,,,,,,,,,,,,,
#158,Machamp,Rocky Ridges,Build,Gather,Bright,Exercise,Construction,Stone stuff,Hard stuff,Group activities,Spicy flavors,Grassy training field,Yes,Yes,Yes,Yes,Yes,Rare,"Morning, Day, Evening, Night","Sun, Cloud, Rain",Clink-clang iron construction,Yes,Yes,Yes,Yes,Yes,Rare,"Morning, Day, Evening, Night","Sun, Cloud, Rain",,,,,,,,,
#157,Machoke,Rocky Ridges,Build,Gather,Bright,Exercise,Construction,Stone stuff,Hard stuff,Group activities,Sour Flavors,Grassy training field,Yes,Yes,Yes,Yes,Yes,Common,"Morning, Day, Evening, Night","Sun, Cloud, Rain",Box to the rhythm,Yes,Yes,Yes,Yes,Yes,Common,"Morning, Day, Evening, Night","Sun, Cloud, Rain",,,,,,,,,
#156,Machop,Palette Town,Build,Gather,Bright,Exercise,Construction,Stone stuff,Hard stuff,Group activities,Spicy Flavors,Boulder-shaded Tall Grass,No,No,No,No,Yes,Common,"Morning, Day, Evening, Night","Sun, Cloud, Rain",,,,,,,,,,,,,,,,,,
#033,Marowak,Withered Wastelands,Build,,Dry,Lots of dirt,Construction,Exercise,Slender objects,Luxury,Dry flavors,Grave with flowers,Yes,Yes,Yes,Yes,Yes,Rare,"Morning, Day, Evening, Night","Sun, Cloud, Rain",,,,,,,,,,,,,,,,,,
#055,Cacnea,Withered Wastelands,Grow,,Dry,Lots of nature,Pretty flowers,Cute stuff,Round stuff,Sharp stuff,Spicy flavors,Sunny Day site,Yes,Yes,Yes,Yes,Yes,Common,"Morning, Day, Evening, Night",Sun,,,,,,,,,,,,,,,,,,
#163,Magmar,Rocky Ridges,Burn,,Warm,Lots of fire,Stone stuff,Electronics,Hard stuff,Exercise,Sweet Flavors,Digging and burning,Yes,Yes,Yes,Yes,Yes,Common,"Morning, Day, Evening, Night","Sun, Cloud, Rain",,,,,,,,,,,,,,,,,,
#164,Magmortar,Rocky Ridges,Burn,Crush,Warm,Lots of fire,Stone stuff,Electronics,Hard stuff,Exercise,Dry flavors,Mini kitchen,Yes,Yes,Yes,Yes,Yes,Rare,"Morning, Day, Evening, Night","Sun, Cloud, Rain",,,,,,,,,,,,,,,,,,
#056,Cacturne,Withered Wastelands,Grow,Litter,Dry,Lots of nature,Nice breezes,Luxury,Shiny stuff,Sharp stuff,Dry flavors,Tree-shaded flower bed,Yes,Yes,Yes,Yes,Yes,Rare,Night,"Sun, Cloud, Rain",,,,,,,,,,,,,,,,,,
#028,Magneton,Bleak Beach,Generate,,Bright,Electronics,Metal stuff,Shiny stuff,Gatherings,Group activities,Bitter flavors,Trash can central,Yes,Yes,Yes,Yes,Yes,Rare,"Morning, Day, Evening, Night","Sun, Cloud, Rain",Mini Game Corner,Yes,Yes,Yes,Yes,Yes,Common,"Morning, Day, Evening, Night","Sun, Cloud, Rain",,,,,,,,,
#029,Magnezone,Bleak Beach,Generate,Recycle,Bright,Electronics,Metal stuff,Luxury,Gatherings,Hard stuff,Bitter flavors,Trash can central,Yes,Yes,Yes,Yes,Yes,Very Rare,"Morning, Day, Evening, Night","Sun, Cloud, Rain",Mini Game Corner,Yes,Yes,Yes,Yes,Yes,Rare,"Morning, Day, Evening, Night","Sun, Cloud, Rain",,,,,,,,,
#125,Makuhita,Bleak Beach,Build,Bulldoze,Bright,Exercise,Construction,Fabric,Round stuff,Wooden stuff,Sweet Flavors,Tree-shaded Yellow tall grass,Yes,Yes,Yes,Yes,Yes,Common,"Morning, Day, Evening, Night","Sun, Cloud, Rain",All packed up,Yes,Yes,Yes,Yes,Yes,Common,"Morning, Day, Evening, Night","Sun, Cloud, Rain",,,,,,,,,
#111,Mareep,Bleak Beach,Generate,Litter,Bright,Electronics,Shiny stuff,Glass stuff,Cute stuff,Fabric,Sweet Flavors,Overgrowth vending machine,Yes,Yes,Yes,Yes,Yes,Rare,"Morning, Day, Evening, Night","Sun, Cloud, Rain",Knitting station,Yes,Yes,Yes,Yes,Yes,Common,"Morning, Day, Evening, Night","Sun, Cloud, Rain",,,,,,,,,
#115,Marill,Bleak Beach,Water,Hype,Humid,Lots of water,Cute stuff,Cleanliness,Round stuff,Symbols,Sour Flavors,Hydrated yellow tall grass,Yes,Yes,Yes,Yes,Yes,Rare,"Morning, Day, Evening, Night","Sun, Cloud, Rain",Dock,Yes,Yes,Yes,Yes,Yes,Common,"Morning, Day, Evening, Night","Sun, Cloud, Rain",,,,,,,,,
#030,Onix,Withered Wastelands,Crush,Bulldoze,Dry,Stone stuff,Lots of dirt,Blocky stuff,Slender objects,Exercise,Dry flavors,Smooth tall grass,Yes,Yes,Yes,Yes,Yes,Common,"Morning, Day, Evening, Night","Sun, Cloud, Rain",,,,,,,,,,,,,,,,,,
#175,Mawile,Palette Town,Trade,Build,Bright,Metal stuff,Cute stuff,Colorful stuff,Looks like food,Group activities,Dry flavors,Working the register,No,No,No,No,Yes,Common,"Morning, Day, Evening, Night","Sun, Cloud, Rain",,,,,,,,,,,,,,,,,,
#265,Meowscarada,Sparkling Skylands,Grow,Hype,Bright,Lots of nature,Pretty flowers,Shiny stuff,Luxury,Cute stuff,Dry flavors,Heart-pounding surprise box,Yes,Yes,Yes,Yes,Yes,Rare,"Morning, Day, Evening, Night","Sun, Cloud, Rain",,,,,,,,,,,,,,,,,,
#084,Meowth,Bleak Beach,Trade,,Cool,Containers,Group activities,Shiny stuff,Glass stuff,Luxury,Spicy Flavors,Resting spot,Yes,Yes,Yes,Yes,Yes,Common,"Morning, Day, Evening, Night","Sun, Cloud, Rain",Working the register,Yes,Yes,Yes,Yes,Yes,Common,"Morning, Day, Evening, Night","Sun, Cloud, Rain",,,,,,,,,
#247,Metagross,Sparkling Skylands,Recycle,Crush,Cool,Metal stuff,Strange stuff,Hard stuff,Exercise,Luxury,Dry flavors,Gamer's paradise,Yes,Yes,Yes,Yes,Yes,Rare,"Morning, Day, Evening, Night","Sun, Cloud, Rain",,,,,,,,,,,,,,,,,,
#246,Metang,Sparkling Skylands,Recycle,,Cool,Metal stuff,Strange stuff,Hard stuff,Complicated stuff,Stone stuff,Bitter flavors,Professor's apprentice program,Yes,Yes,Yes,Yes,Yes,Common,"Morning, Day, Evening, Night","Sun, Cloud, Rain",,,,,,,,,,,,,,,,,,
#300,Mew,Dream Island,Teleport,,Warm,Strange stuff,Watching stuff,Luxury,Complicated stuff,Play spaces,Sweet Flavors,,,,,,,,,,,,,,,,,,,,,,,,,,,
#299,Mewtwo,Dream Island,Teleport,,Dark,Strange stuff,Watching stuff,Letters and words,Complicated stuff,Stone stuff,Dry flavors,,,,,,,,,,,,,,,,,,,,,,,,,,,
#141,Mimikyu,Bleak Beach,Trade,,Dark,Spooky stuff,Cute stuff,Electronics,Fabric,Group activities,Bitter flavors,Pikachu space,Yes,Yes,Yes,Yes,Yes,Common,"Morning, Day, Evening, Night","Sun, Cloud, Rain",,,,,,,,,,,,,,,,,,
#136,Minccino,Bleak Beach,Gather,,Bright,Soft stuff,Fabric,Rides,Cute stuff,Cleanliness,Sweet Flavors,Changing area,Yes,Yes,Yes,Yes,Yes,Common,"Morning, Day, Evening, Night","Sun, Cloud, Rain",Private makeup stand,Yes,Yes,Yes,Yes,Yes,Common,"Morning, Day, Evening, Night","Sun, Cloud, Rain",,,,,,,,,
#236,Minun,Sparkling Skylands,Generate,,Bright,Electronics,Glass stuff,Soft stuff,Cute stuff,Group activities,Spicy flavors,Picturesque photo cutout board,Yes,Yes,Yes,Yes,Yes,Rare,"Morning, Day, Evening, Night","Sun, Cloud, Rain",,,,,,,,,,,,,,,,,,
#227,Misdreavus,Sparkling Skylands,Trade,,Dark,Spooky stuff,Strange stuff,Shiny stuff,Colorful stuff,Watching stuff,Dry flavors,Fluffy flower bed,Yes,Yes,Yes,Yes,Yes,Common,Night,"Sun, Cloud, Rain",Office storeroom,Yes,Yes,Yes,Yes,Yes,Common,Night,"Sun, Cloud, Rain",,,,,,,,,
#228,Mismagius,Sparkling Skylands,Gather,Trade,Dark,Spooky stuff,Strange stuff,Noisy stuff,Wobbly stuff,Group activities,Bitter flavors,Fluffy flower bed,Yes,Yes,Yes,Yes,Yes,Very Rare,Night,"Sun, Cloud, Rain",Home theater,Yes,Yes,Yes,Yes,Yes,Rare,Night,"Sun, Cloud, Rain",Office storeroom,Yes,Yes,Yes,Yes,Yes,Rare,Night,"Sun, Cloud, Rain"
#296,Moltres,Dream Island,Fly,,Warm,Lots of fire,Nice breezes,Stone stuff,Symbols,Luxury,Spicy flavors,,,,,,,,,,,,,,,,,,,,,,,,,,,
#108,Mosslax,Bleak Beach,Eat,,Bright,Soft stuff,Fabric,Looks like food,Watching stuff,Strange stuff,Spicy flavors,Gourmet's altar,Yes,Yes,Yes,Yes,Yes,Common,"Morning, Day, Evening, Night","Sun, Cloud, Rain",,,,,,,,,,,,,,,,,,
#092,Muk,Bleak Beach,Litter,,Dark,Garbage,Spooky stuff,Gatherings,Shiny stuff,Colorful stuff,Bitter flavors,Marsh fishing spot,Yes,Yes,Yes,Yes,Yes,Rare,"Morning, Day, Evening, Night","Sun, Cloud, Rain",,,,,,,,,,,,,,,,,,
#107,Munchlax,Palette Town,Bulldoze,,Warm,Soft stuff,Lots of nature,Looks like food,Wobbly stuff,Group activities,Dry flavors,Bed with a plush,No,No,No,No,Yes,Rare,"Morning, Day, Evening, Night","Sun, Cloud, Rain",Tree-shaded snoozing Snorlax,No,No,No,No,Yes,Common,"Morning, Day, Evening, Night","Sun, Cloud, Rain",,,,,,,,,
#167,Murkrow,Rocky Ridges,Trade,Fly,Dark,Shiny stuff,Nice breezes,Group activities,Luxury,Fabric,Bitter flavors,Elevated red tall grass,Yes,Yes,Yes,Yes,Yes,Common,Night,"Sun, Cloud, Rain",Tree-shaded graceful flower bed,Yes,Yes,Yes,Yes,Yes,Common,Night,"Sun, Cloud, Rain",,,,,,,,,
#208,Ninetales,Sparkling Skylands,Burn,,Warm,Lots of fire,Soft stuff,Watching stuff,Luxury,Pretty flowers,Dry flavors,Fluffy flower bed,Yes,Yes,Yes,Yes,Yes,Rare,"Morning, Day, Evening, Night","Sun, Cloud, Rain",Nine flames,Yes,Yes,Yes,Yes,Yes,Common,"Morning, Day, Evening, Night","Sun, Cloud, Rain",,,,,,,,,
#053,Gulpin,Withered Wastelands,Storage,,Humid,Cute stuff,Looks like food,Round stuff,Containers,Colorful stuff,Spicy flavors,Tantalizing dining set,Yes,No,No,No,No,,"Morning, Day, Evening, Night","Sun, Cloud, Rain",,,,,,,,,,,,,,,,,,
#255,Noibat,Sparkling Skylands,Search,,Dark,Nice breezes,Lots of fire,Watching stuff,Luxury,Looks like food,Spicy flavors,Rhythmic Living room,Yes,Yes,Yes,Yes,Yes,Common,"Morning, Day, Evening, Night","Sun, Cloud, Rain",,,,,,,,,,,,,,,,,,
#256,Noivern,Sparkling Skylands,Search,Fly,Dark,Nice breezes,Lots of fire,Watching stuff,Play spaces,Looks like food,Dry flavors,Rhythmic Living room,Yes,Yes,Yes,Yes,Yes,Rare,"Morning, Day, Evening, Night","Sun, Cloud, Rain",,,,,,,,,,,,,,,,,,
#021,Bellsprout,Withered Wastelands,Grow,Litter,Humid,Lots of nature,Wooden stuff,Lots of dirt,Lots of water,Pretty flowers,Dry flavors,Tree-shaded  tall grass,Yes,Yes,Yes,Yes,Yes,Common,"Morning, Day, Evening, Night","Sun, Cloud, Rain",,,,,,,,,,,,,,,,,,
#013,Oddish,Withered Wastelands,Grow,,Humid,Lots of nature,Lots of dirt,Soft stuff,Pretty flowers,Lots of water,Bitter flavors,Tall Grass,Yes,Yes,Yes,Yes,Yes,Common,Night,"Sun, Cloud, Rain",,,,,,,,,,,,,,,,,,
#117,Paldean Wooper,Bleak Beach,Litter,,Humid,Garbage,Lots of dirt,Stone stuff,Cleanliness,Group activities,Sour Flavors,Marshy tall grass,No,Yes,No,No,No,Common,"Morning, Day, Evening, Night","Sun, Cloud, Rain",,,,,,,,,,,,,,,,,,
#017,Paras,Withered Wastelands,Search,,Humid,Lots of nature,Wooden stuff,Watching stuff,Lots of dirt,Looks like food,Bitter flavors,Elevated flower bed,Yes,Yes,Yes,Yes,Yes,Common,"Morning, Day, Evening, Night","Sun, Cloud, Rain",Flower garden,Yes,Yes,Yes,Yes,Yes,Common,"Morning, Day, Evening, Night","Sun, Cloud, Rain",,,,,,,,,
#018,Parasect,Withered Wastelands,Search,,Humid,Lots of nature,Wooden stuff,Watching stuff,Lots of dirt,Strange stuff,Bitter flavors,Elevated flower bed,Yes,Yes,Yes,Yes,Yes,Rare,"Morning, Day, Evening, Night","Sun, Cloud, Rain",Flower garden,Yes,Yes,Yes,Yes,Yes,Rare,"Morning, Day, Evening, Night","Sun, Cloud, Rain",,,,,,,,,
#142,Pawmi,Bleak Beach,Generate,,Bright,Electronics,Shiny stuff,Cute stuff,Glass stuff,Group activities,Sweet Flavors,Breezy flower bed,Yes,Yes,Yes,Yes,Yes,Common,"Morning, Day, Evening, Night","Sun, Cloud, Rain",Tantalizing restaurant,Yes,Yes,Yes,Yes,Yes,Common,"Morning, Day, Evening, Night","Sun, Cloud, Rain",,,,,,,,,
#143,Pawmo,Bleak Beach,Generate,Crush,Bright,Electronics,Shiny stuff,Exercise,Glass stuff,Group activities,Sweet Flavors,Tantalizing restaurant,Yes,Yes,Yes,Yes,Yes,Common,"Morning, Day, Evening, Night","Sun, Cloud, Rain",Café space,Yes,Yes,Yes,Yes,Yes,Common,"Morning, Day, Evening, Night","Sun, Cloud, Rain",,,,,,,,,
#144,Pawmot,Bleak Beach,Generate,Crush,Bright,Electronics,Shiny stuff,Exercise,Healing,Group activities,Dry flavors,Café space,Yes,Yes,Yes,Yes,Yes,Common,"Morning, Day, Evening, Night","Sun, Cloud, Rain",,,,,,,,,,,,,,,,,,
#079,Peakychu,Bleak Beach,Illuminate,,Bright,Electronics,Glass stuff,Cute stuff,Healing,Letters and words,Sweet Flavors,Full recovery,Yes,Yes,Yes,Yes,Yes,Rare,"Morning, Day, Evening, Night","Sun, Cloud, Rain",,,,,,,,,,,,,,,,,,
#124,Pelipper,Bleak Beach,Water,Fly,Humid,Lots of water,Nice breezes,Cleanliness,Ocean vibes,Watching stuff,Dry flavors,Elevated yellow tall grass,Yes,Yes,Yes,Yes,Yes,Rare,"Morning, Day, Evening","Sun, Cloud, Rain",Windy Flower Bed,Yes,Yes,Yes,Yes,Yes,Rare,"Morning, Day, Evening","Sun, Cloud, Rain",,,,,,,,,
#085,Persian,Sparkling Skylands,Trade,Search,Cool,Containers,Group activities,Shiny stuff,Watching stuff,Luxury,Sour Flavors,Evil organization HQ,Yes,Yes,Yes,Yes,Yes,Common,"Morning, Day, Evening, Night","Sun, Cloud, Rain",,,,,,,,,,,,,,,,,,
#041,Tangrowth,Withered Wastelands,Grow,Litter,Humid,Lots of nature,Lots of water,Gatherings,Pretty flowers,Watching stuff,Bitter flavors,Bench with greenery,No,No,No,No,No,Common,"Morning, Day, Evening, Night","Sun, Cloud, Rain",,,,,,,,,,,,,,,,,,
#023,Victreebel,Withered Wastelands,Grow,Chop,Humid,Lots of nature,Wooden stuff,Lots of dirt,Colorful stuff,Pretty flowers,Bitter flavors,Flowery table,Yes,Yes,Yes,Yes,Yes,Very Rare,"Morning, Day, Evening, Night","Sun, Cloud, Rain",Irresistible scent and glow,Yes,Yes,Yes,Yes,Yes,Rare,"Morning, Day, Evening, Night","Sun, Cloud, Rain",,,,,,,,,
#015,Vileplume,Withered Wastelands,Grow,Litter,Humid,Lots of nature,Lots of dirt,Soft stuff,Pretty flowers,Colorful stuff,Bitter flavors,Chansey Resting area,Yes,Yes,Yes,Yes,Yes,Rare,"Morning, Day, Evening, Night","Sun, Cloud, Rain",,,,,,,,,,,,,,,,,,
#022,Weepinbell,Withered Wastelands,Grow,Litter,Humid,Lots of nature,Wooden stuff,Lots of dirt,Colorful stuff,Pretty flowers,Bitter flavors,Flowery table,Yes,Yes,Yes,Yes,Yes,Rare,"Morning, Day, Evening, Night","Sun, Cloud, Rain",Irresistible scent and glow,Yes,Yes,Yes,Yes,Yes,Common,"Morning, Day, Evening, Night","Sun, Cloud, Rain",,,,,,,,,
#079,Pikachu,Palette Town,Generate,,Bright,Electronics,Glass stuff,Group activities,Round stuff,Rides,Sour Flavors,Picnic Set,No,No,No,No,Yes,Rare,"Morning, Day, Evening, Night","Sun, Cloud, Rain",,,,,,,,,,,,,,,,,,
#009,Blastoise,Withered Wastelands,Water,Trade,Humid,Lots of water,Cleanliness,Healing,Exercise,Luxury,Sour Flavors,Hydrated tall grass,Yes,Yes,Yes,Yes,Yes,Very Rare,"Morning, Day, Evening, Night","Sun, Cloud, Rain",Floating in the shade,Yes,Yes,Yes,Yes,Yes,Rare,"Morning, Day, Evening, Night","Sun, Cloud, Rain",,,,,,,,,
#128,Piplup,Bleak Beach,Water,,Humid,Lots of water,Ocean vibes,Nice breezes,Cleanliness,Containers,Sweet Flavors,Hydrated yellow tall grass,Yes,Yes,Yes,Yes,Yes,Common,"Morning, Day, Evening, Night","Sun, Cloud, Rain",,,,,,,,,,,,,,,,,,
#235,Plusle,Sparkling Skylands,Generate,,Bright,Electronics,Glass stuff,Soft stuff,Cute stuff,Group activities,Sweet Flavors,Picturesque photo cutout board,Yes,Yes,Yes,Yes,Yes,Rare,"Morning, Day, Evening, Night","Sun, Cloud, Rain",,,,,,,,,,,,,,,,,,
#212,Politoed,Rocky Ridges,Water,Hype,Humid,Lots of water,Play spaces,Noisy stuff,Gatherings,Group activities,Sour Flavors,Hydrated graceful flower bed,Yes,Yes,Yes,Yes,Yes,Rare,"Morning, Day, Evening, Night","Sun, Cloud, Rain",Flower garden stump stage,Yes,Yes,Yes,Yes,Yes,Rare,"Morning, Day, Evening, Night","Sun, Cloud, Rain",Harmonious hot spring,Yes,Yes,Yes,Yes,Yes,Common,"Morning, Day, Evening, Night","Sun, Cloud, Rain"
#209,Poliwag,Sparkling Skylands,Water,,Humid,Lots of water,Cleanliness,Round stuff,Rides,Spinning stuff,Sweet Flavors,Squeaky clean,Yes,Yes,Yes,Yes,Yes,Common,"Morning, Day, Evening, Night","Sun, Cloud, Rain",,,,,,,,,,,,,,,,,,
#210,Poliwhirl,Sparkling Skylands,Water,,Humid,Lots of water,Cleanliness,Lots of nature,Exercise,Spinning stuff,Bitter flavors,Hydrated fluffy flower bed,Yes,Yes,Yes,Yes,Yes,Rare,"Morning, Day, Evening, Night","Sun, Cloud, Rain",,,,,,,,,,,,,,,,,,
#211,Poliwrath,Sparkling Skylands,Water,Build,Humid,Lots of water,Cleanliness,Construction,Exercise,Group activities,Spicy flavors,Sewer hole inspection,Yes,Yes,Yes,Yes,Yes,,"Morning, Day, Evening, Night","Sun, Cloud, Rain",Dojo training,Yes,Yes,Yes,Yes,Yes,Common,"Morning, Day, Evening, Night","Sun, Cloud, Rain",,,,,,,,,
#220,Porygon-Z,Sparkling Skylands,Rarify,,Bright,Soft stuff,Strange stuff,Fabric,Watching stuff,Colorful stuff,Dry flavors,Game Corner battle zone,Yes,Yes,Yes,Yes,Yes,Rare,"Morning, Day, Evening, Night","Sun, Cloud, Rain",,,,,,,,,,,,,,,,,,
#218,Porygon,Sparkling Skylands,Recycle,,Bright,Soft stuff,Strange stuff,Blocky stuff,Construction,Colorful stuff,Bitter flavors,Researcher's desk,Yes,Yes,Yes,Yes,Yes,Common,"Morning, Day, Evening, Night","Sun, Cloud, Rain",,,,,,,,,,,,,,,,,,
#219,Porygon2,Sparkling Skylands,Recycle,,Bright,Soft stuff,Strange stuff,Round stuff,Construction,Colorful stuff,Sour Flavors,Work desk,Yes,Yes,Yes,Yes,Yes,Rare,"Morning, Day, Evening, Night","Sun, Cloud, Rain",,,,,,,,,,,,,,,,,,
#129,Prinplup,Bleak Beach,Water,Trade,Humid,Lots of water,Ocean vibes,Nice breezes,Cleanliness,Containers,Dry flavors,Hydrated yellow tall grass,Yes,Yes,Yes,Yes,Yes,Rare,"Morning, Day, Evening, Night","Sun, Cloud, Rain",Waterwheel Spot,Yes,Yes,Yes,Yes,Yes,Rare,"Morning, Day, Evening, Night","Sun, Cloud, Rain",,,,,,,,,
#041,Professor Tangrowth,Dream Island,Appraise,,Humid,Lots of nature,Complicated stuff,Letters and words,Strange stuff,Group activities,Dry flavors,Professor's treasure trove,Yes,Yes,Yes,Yes,Yes,Common,"Morning, Day, Evening, Night","Sun, Cloud, Rain",,,,,,,,,,,,,,,,,,
#086,Psyduck,Bleak Beach,Search,,Humid,Lots of water,Ocean vibes,Strange stuff,Complicated stuff,Healing,Dry flavors,Hot-spring shower,Yes,Yes,Yes,Yes,Yes,Common,"Morning, Day, Evening, Night","Sun, Cloud, Rain",,,,,,,,,,,,,,,,,,
#170,Pupitar,Sparkling Skylands,Crush,Bulldoze,Dark,Stone stuff,Hard stuff,Luxury,Shiny stuff,Watching stuff,Dry flavors,Tree-shaded pink tall grass,Yes,Yes,Yes,Yes,Yes,Common,"Morning, Day, Evening, Night","Sun, Cloud, Rain",,,,,,,,,,,,,,,,,,
#225,Quilava,Sparkling Skylands,Burn,,Warm,Lots of fire,Fabric,Slender objects,Metal stuff,Rides,Sweet Flavors,Concrete pipe secret base,Yes,Yes,Yes,Yes,Yes,Common,"Morning, Day, Evening, Night","Sun, Cloud, Rain",Fireplace nap spot,Yes,Yes,Yes,Yes,Yes,Common,"Morning, Day, Evening, Night","Sun, Cloud, Rain",,,,,,,,,
#189,Raboot,Rocky Ridges,Burn,,Warm,Lots of fire,Stone stuff,Play spaces,Group activities,Containers,Dry flavors,Open-air bath,Yes,Yes,Yes,Yes,Yes,Common,"Morning, Day, Evening, Night","Sun, Cloud, Rain",Refreshing locker room,Yes,Yes,Yes,Yes,Yes,Common,"Morning, Day, Evening, Night","Sun, Cloud, Rain",,,,,,,,,
#080,Raichu,Sparkling Skylands,Generate,Hype,Bright,Electronics,Glass stuff,Group activities,Round stuff,Play spaces,Sour Flavors,Nature's market,Yes,Yes,Yes,Yes,Yes,Common,"Morning, Day, Evening, Night","Sun, Cloud, Rain",,,,,,,,,,,,,,,,,,
#290,Raikou,Dream Island,Generate,,Bright,Electronics,Nice breezes,Shiny stuff,Glass stuff,Luxury,Dry flavors,,,,,,,,,,,,,,,,,,,,,,,,,,,
#231,Ralts,Sparkling Skylands,Teleport,,Bright,Strange stuff,Cute stuff,Healing,Watching stuff,Symbols,Sweet Flavors,Study Area,Yes,Yes,Yes,Yes,Yes,Common,"Morning, Day, Evening, Night","Sun, Cloud, Rain",,,,,,,,,,,,,,,,,,
#273,Rampardos,Rocky Ridges,Crush,Litter,Dry,Stone stuff,Hard stuff,Metal stuff,Luxury,Exercise,Dry flavors,Headbutt Fossil display,Yes,Yes,Yes,Yes,Yes,Common,"Morning, Day, Evening, Night","Sun, Cloud, Rain",,,,,,,,,,,,,,,,,,
#180,Riolu,Rocky Ridges,Build,,Dark,Exercise,Fabric,Construction,Gatherings,Watching stuff,Spicy Flavors,Red tall grass,Yes,Yes,Yes,Yes,Yes,Common,"Morning, Day, Evening, Night","Sun, Cloud, Rain",Box to the rhythm,Yes,Yes,Yes,Yes,Yes,Common,"Morning, Day, Evening, Night","Sun, Cloud, Rain",,,,,,,,,
#193,Rolycoly,Rocky Ridges,Burn,Gather,Warm,Stone stuff,Lots of fire,Hard stuff,Metal stuff,Rides,Sour Flavors,Railroad crossing,Yes,Yes,Yes,Yes,Yes,Common,"Morning, Day, Evening, Night","Sun, Cloud, Rain",,,,,,,,,,,,,,,,,,
#257,Rookidee,Sparkling Skylands,Chop,,Bright,Nice breezes,Shiny stuff,Containers,Slender objects,Wooden stuff,Sour Flavors,Fluffy flower bed,Yes,Yes,Yes,Yes,Yes,Common,"Morning, Day, Evening, Night","Sun, Cloud, Rain",,,,,,,,,,,,,,,,,,
#185,Rowlet,Palette Town,Grow,,Dark,Lots of nature,Wooden stuff,Nice breezes,Containers,Spinning stuff,Dry flavors,Fresh Veggie Field,No,No,No,No,Yes,Common,"Morning, Day, Evening, Night","Sun, Cloud, Rain",,,,,,,,,,,,,,,,,,
#043,Scizor,Palette Town,Chop,,Bright,Lots of nature,Metal stuff,Wooden stuff,Hard stuff,Exercise,Bitter flavors,Tree-shaded  tall grass,No,No,No,No,Yes,Common,"Morning, Day, Evening, Night","Sun, Cloud, Rain",,,,,,,,,,,,,,,,,,
#188,Scorbunny,Rocky Ridges,Burn,,Warm,Lots of fire,Stone stuff,Soft stuff,Group activities,Sharp stuff,Dry flavors,Red tall grass,Yes,Yes,Yes,Yes,Yes,Common,"Morning, Day, Evening, Night","Sun, Cloud, Rain",,,,,,,,,,,,,,,,,,
#060,Gastrodon,Withered Wastelands,Water,Trade,Humid,Lots of water,Lots of dirt,Ocean vibes,Cleanliness,Containers,Sour Flavors,Ocean fishing spot,Yes,Yes,Yes,Yes,Yes,Rare,"Morning, Day, Evening, Night","Sun, Cloud, Rain",,,,,,,,,,,,,,,,,,
#250,Serperior,Sparkling Skylands,Grow,Litter,Humid,Lots of nature,Wooden stuff,Lots of water,Containers,Slender objects,Dry flavors,Tree-shaded fluffy flower bed,Yes,Yes,Yes,Yes,Yes,Very Rare,"Morning, Day, Evening, Night","Sun, Cloud, Rain",Public reading material,Yes,Yes,Yes,Yes,Yes,Rare,"Morning, Day, Evening, Night","Sun, Cloud, Rain",,,,,,,,,
#249,Servine,Sparkling Skylands,Grow,Litter,Humid,Lots of nature,Wooden stuff,Lots of water,Cleanliness,Shiny stuff,Bitter flavors,Tree-shaded fluffy flower bed,Yes,Yes,Yes,Yes,Yes,Rare,"Morning, Day, Evening, Night","Sun, Cloud, Rain",,,,,,,,,,,,,,,,,,
#060,Gastrodon East Sea,Withered Wastelands,Water,Trade,Humid,Lots of water,Lots of dirt,Ocean vibes,Cleanliness,Containers,Dry flavors,Ocean fishing spot,Yes,Yes,Yes,Yes,Yes,Rare,"Morning, Day, Evening, Night","Sun, Cloud, Rain",,,,,,,,,,,,,,,,,,
#076,Goodra,Withered Wastelands,Water,Trade,Humid,Lots of water,Luxury,Exercise,Cleanliness,Healing,Sour Flavors,Very-berry space,Yes,Yes,Yes,Yes,Yes,Rare,"Morning, Day, Evening, Night",Rain,,,,,,,,,,,,,,,,,,
#274,Shieldon,Rocky Ridges,Crush,,Dry,Stone stuff,Hard stuff,Metal stuff,Luxury,Round stuff,Sweet Flavors,Armor Fossil display,Yes,Yes,Yes,Yes,Yes,Common,"Morning, Day, Evening, Night","Sun, Cloud, Rain",,,,,,,,,,,,,,,,,,
#191,Skwovet,Palette Town,Search,Hype,Warm,Soft stuff,Wooden stuff,Watching stuff,Looks like food,Round stuff,Dry flavors,Tree-shaded  tall grass,No,No,No,No,Yes,Common,"Morning, Day, Evening, Night","Sun, Cloud, Rain",,,,,,,,,,,,,,,,,,
#074,Goomy,Withered Wastelands,Water,,Humid,Lots of water,Luxury,Lots of nature,Cleanliness,Healing,Sweet Flavors,Tree-shaded flower bed,Yes,Yes,Yes,Yes,Yes,Common,"Morning, Day, Evening, Night",Rain,Rain Dance site,Yes,Yes,Yes,Yes,Yes,,"Morning, Day, Evening, Night",Rain,,,,,,,,,
#045,Magikarp,Withered Wastelands,???,,Humid,Lots of water,Ocean vibes,Group activities,Rides,Wobbly stuff,Sweet Flavors,Ocean fishing spot,Yes,Yes,Yes,Yes,Yes,Common,"Morning, Day, Evening, Night","Sun, Cloud, Rain",,,,,,,,,,,,,,,,,,
#059,Shellos,Withered Wastelands,Water,,Humid,Lots of water,Ocean vibes,Cleanliness,Colorful stuff,Containers,Sour Flavors,Road Sign,Yes,Yes,Yes,Yes,Yes,Common,"Morning, Day, Evening, Night","Sun, Cloud, Rain",,,,,,,,,,,Yes,Yes,Yes,Yes,Yes,Rare,"Morning, Day, Evening, Night","Sun, Cloud, Rain"
#059,Shellos East Sea,Withered Wastelands,Water,,Humid,Lots of water,Ocean vibes,Cleanliness,Colorful stuff,Containers,Dry flavors,Road Sign,Yes,Yes,Yes,Yes,Yes,Common,"Morning, Day, Evening, Night","Sun, Cloud, Rain",,,,,,,,,,,,,,,,,,
#119,Smeargle,Bleak Beach,Paint,,Bright,Soft stuff,Fabric,Strange stuff,Colorful stuff,Shiny stuff,Dry flavors,Tiny Atelier,Yes,Yes,Yes,Yes,Yes,Common,"Morning, Day, Evening, Night","Sun, Cloud, Rain",,,,,,,,,,,,,,,,,,
#248,Snivy,Sparkling Skylands,Grow,,Humid,Lots of nature,Wooden stuff,Lots of water,Wobbly stuff,Shiny stuff,Sour Flavors,Playland,Yes,Yes,Yes,Yes,Yes,Common,"Morning, Day, Evening, Night","Sun, Cloud, Rain",,,,,,,,,,,,,,,,,,
#109,Snorlax,Palette Town,Trade,Bulldoze,Warm,Soft stuff,Fabric,Looks like food,Wobbly stuff,Rides,Dry flavors,Tree-shaded snoozing Snorlax,No,No,No,No,Yes,Common,"Morning, Day, Evening, Night","Sun, Cloud, Rain",Good old-fashioned antiques,No,No,No,No,Yes,Common,"Morning, Day, Evening, Night","Sun, Cloud, Rain",,,,,,,,,
#109,Spinarak,Bleak Beach,Litter,,Humid,Lots of nature,Wooden stuff,Garbage,Rides,Colorful stuff,Bitter flavors,Yellow tall grass,Yes,Yes,Yes,Yes,Yes,Common,"Morning, Day, Evening, Night","Sun, Cloud, Rain",,,,,,,,,,,,,,,,,,
#263,Sprigatito,Sparkling Skylands,Grow,,Bright,Lots of nature,Pretty flowers,Containers,Colorful stuff,Cute stuff,Sweet Flavors,Tree-shaded pink tall grass,Yes,Yes,Yes,Yes,Yes,Common,"Morning, Day, Evening, Night","Sun, Cloud, Rain",Interrogation desk,Yes,Yes,Yes,Yes,Yes,Common,"Morning, Day, Evening, Night","Sun, Cloud, Rain",,,,,,,,,
#075,Sliggoo,Withered Wastelands,Water,,Humid,Lots of water,Luxury,Soft stuff,Cleanliness,Healing,Sweet Flavors,Hydrated tall grass,Yes,Yes,Yes,Yes,Yes,Common,"Morning, Day, Evening, Night",Rain,,,,,,,,,,,,,,,,,,
#031,Steelix,Rocky Ridges,Crush,Bulldoze,Dry,Metal stuff,Lots of dirt,Stone stuff,Slender objects,Hard stuff,Sour Flavors,Clink-clang iron construction,Yes,Yes,Yes,Yes,Yes,Common,"Morning, Day, Evening, Night","Sun, Cloud, Rain",,,,,,,,,,,,,,,,,,
#182,Stereo Rotom,Rocky Ridges,DJ,,Bright,Shiny stuff,Glass stuff,Noisy stuff,Group activities,Blocky stuff,Bitter flavors,Music and magazines,Yes,Yes,Yes,Yes,Yes,Rare,"Morning, Day, Evening, Night","Sun, Cloud, Rain",,,,,,,,,,,,,,,,,,
#166,Sudowoodo,Rocky Ridges,Trade,,Dry,Stone stuff,Hard stuff,Lots of nature,Wooden stuff,Watching stuff,Dry flavors,Tree-shaded red tall grass,Yes,Yes,Yes,Yes,Yes,Rare,"Morning, Day, Evening, Night","Sun, Cloud, Rain",House party,Yes,Yes,Yes,Yes,Yes,Common,"Morning, Day, Evening, Night","Sun, Cloud, Rain",,,,,,,,,
#292,Suicune,Dream Island,Water,,Humid,Lots of water,Ocean vibes,Cleanliness,Watching stuff,Healing,Sour Flavors,,,,,,,,,,,,,,,,,,,,,,,,,,,
#240,Swablu,Sparkling Skylands,Litter,,Bright,Soft stuff,Nice breezes,Cute stuff,Watching stuff,Cleanliness,Sweet Flavors,Pink tall grass,Yes,Yes,Yes,Yes,Yes,Common,"Morning, Day, Evening, Night","Sun, Cloud, Rain",,,,,,,,,,,,,,,,,,
#054,Swalot,Rocky Ridges,Storage,,Humid,Garbage,Looks like food,Round stuff,Containers,Colorful stuff,Bitter flavors,Dinner table surprise,Yes,Yes,Yes,Yes,Yes,Rare,"Morning, Day, Evening, Night","Sun, Cloud, Rain",,,,,,,,,,,,,,,,,,
#288,Sylveon,Palette Town,Hype,,Warm,Cute stuff,Lots of nature,Fabric,Noisy stuff,Round stuff,Sweet Flavors,Lovely ribbon cake,No,No,No,No,Yes,Common,"Morning, Day, Evening, Night","Sun, Cloud, Rain",,,,,,,,,,,,,,,,,,
#040,Tangela,Palette Town,Grow,Litter,Bright,Lots of nature,Lots of water,Gatherings,Pretty flowers,Slender objects,Sour Flavors,Nothin' but Poke Balls,No,No,No,No,Yes,Common,"Morning, Day, Evening, Night","Sun, Cloud, Rain",,,,,,,,,,,,,,,,,,
#025,Slowbro,Withered Wastelands,Water,Trade,Humid,Lots of water,Cleanliness,Strange stuff,Group activities,Healing,Dry flavors,Seaside Tall Grass,Yes,Yes,Yes,Yes,Yes,Very Rare,"Morning, Day, Evening, Night","Sun, Cloud, Rain",Bed with a plush,Yes,Yes,Yes,Yes,Yes,Rare,"Morning, Day, Evening, Night","Sun, Cloud, Rain",,,,,,,,,
#145,Tatsugiri Curly Form,Bleak Beach,Trade,,Humid,,,,,,,Beach Set,Yes,Yes,Yes,Yes,Yes,Rare,"Morning, Day, Evening, Night","Sun, Cloud, Rain",,,,,,,,,,,,,,,,,,
#145,Tatsugiri Droopy Form,Bleak Beach,Trade,,Humid,Lots of water,Ocean vibes,Group activities,Spinning stuff,Blocky stuff,Sweet Flavors,Beach Set,Yes,Yes,Yes,Yes,Yes,Rare,"Morning, Day, Evening, Night","Sun, Cloud, Rain",,,,,,,,,,,,,,,,,,
#145,Tatsugiri Stretchy Form,Bleak Beach,Trade,,Humid,Lots of water,Ocean vibes,Group activities,Letters and words,Containers,Spicy flavors,Beach Set,Yes,Yes,Yes,Yes,Yes,Rare,"Morning, Day, Evening, Night","Sun, Cloud, Rain",,,,,,,,,,,,,,,,,,
#026,Slowking,Withered Wastelands,Water,Teleport,Humid,Lots of water,Cleanliness,Strange stuff,Group activities,Healing,Sour Flavors,Seaside Tall Grass,Yes,Yes,Yes,Yes,Yes,Very Rare,"Morning, Day, Evening, Night","Sun, Cloud, Rain",Bed with a plush,Yes,Yes,Yes,Yes,Yes,Rare,"Morning, Day, Evening, Night","Sun, Cloud, Rain",Fishing pond,,,,,,,,
#268,Tinkatink,Palette Town,Build,,Bright,Cute stuff,Metal stuff,Construction,Looks like food,Exercise,Sweet Flavors,Large luggage carrier,No,No,No,No,Yes,Common,"Morning, Day, Evening, Night","Sun, Cloud, Rain",Oversized dumping ground,Yes,Yes,Yes,Yes,Yes,Common,"Morning, Day, Evening, Night","Sun, Cloud, Rain",Sewer hole inspection,No,No,No,No,Yes,,"Morning, Day, Evening, Night","Sun, Cloud, Rain"
#270,Tinkaton,Sparkling Skylands,Engineer,,Bright,Cute stuff,Metal stuff,Construction,Blocky stuff,Exercise,Spicy flavors,Oversized dumping ground,Yes,Yes,Yes,Yes,Yes,Common,"Morning, Day, Evening, Night","Sun, Cloud, Rain",,,,,,,,,,,,,,,,,,
#269,Tinkatuff,Palette Town,Build,,Bright,Cute stuff,Metal stuff,Construction,Group activities,Exercise,Sour Flavors,Large luggage carrier,Yes,Yes,Yes,Yes,Yes,Rare,"Morning, Day, Evening, Night","Sun, Cloud, Rain",,,,,,,,,,,,,,,,,,
#120,Torchic,Bleak Beach,Burn,,Warm,Lots of fire,Stone stuff,Cute stuff,Containers,Pretty flowers,Sweet Flavors,Chirp-chirp meal,Yes,Yes,Yes,Yes,Yes,Common,"Morning, Day, Evening, Night","Sun, Cloud, Rain",Resort meal prep,Yes,Yes,Yes,Yes,Yes,Common,"Morning, Day, Evening, Night","Sun, Cloud, Rain",,,,,,,,,
#176,Torkoal,Rocky Ridges,Burn,,Warm,Lots of fire,Stone stuff,Metal stuff,Hard stuff,Watching stuff,Dry flavors,Mossy hot spring,Yes,Yes,Yes,Yes,Yes,Common,"Morning, Day, Evening, Night","Sun, Cloud, Rain",,,,,,,,,,,,,,,,,,
#196,Toxel,Rocky Ridges,Generate,,Humid,Electronics,Shiny stuff,Noisy stuff,Glass stuff,Garbage,Sweet Flavors,Lazy-photo album scrolling,Yes,Yes,Yes,Yes,Yes,Common,"Morning, Day, Evening, Night","Sun, Cloud, Rain",,,,,,,,,,,,,,,,,,
#197,Toxtricity Amped Form,Rocky Ridges,Generate,Hype,Humid,Electronics,Play spaces,Noisy stuff,Slender objects,Sharp stuff,Spicy flavors,Amped rock stage,Yes,Yes,Yes,Yes,Yes,Common,"Morning, Day, Evening, Night","Sun, Cloud, Rain",,,,,,,,,,,,,,,,,,
#00,Toxtricity Low Key Form,Rocky Ridges,Generate,Hype,Humid,Electronics,Play spaces,Noisy stuff,Slender objects,Sharp stuff,Bitter flavors,Low-key rock stage,Yes,Yes,Yes,Yes,Yes,Rare,"Morning, Day, Evening, Night","Sun, Cloud, Rain",,,,,,,,,,,,,,,,,,
#237,Trapinch,Sparkling Skylands,Bulldoze,Litter,Dry,Lots of dirt,Hard stuff,Strange stuff,Watching stuff,Exercise,Spicy flavors,Pink tall grass,Yes,Yes,Yes,Yes,Yes,Common,"Morning, Day, Evening, Night","Sun, Cloud, Rain",,,,,,,,,,,,,,,,,,
#132,Trubbish,Bleak Beach,Recycle,,Humid,Garbage,Construction,Complicated stuff,Shiny stuff,Gatherings,Bitter flavors,Trash collection site,Yes,Yes,Yes,Yes,Yes,Common,"Morning, Day, Evening, Night","Sun, Cloud, Rain",,,,,,,,,,,,,,,,,,
#226,Typhlosion,Sparkling Skylands,Burn,Trade,Warm,Lots of fire,Fabric,Slender objects,Metal stuff,Rides,Dry flavors,Fireplace nap spot,Yes,Yes,Yes,Yes,Yes,Rare,"Morning, Day, Evening, Night","Sun, Cloud, Rain",Top pop,Yes,Yes,Yes,Yes,Yes,Rare,"Morning, Day, Evening, Night","Sun, Cloud, Rain",,,,,,,,,
#171,Tyranitar,Rocky Ridges,Crush,Bulldoze,Dark,Stone stuff,Hard stuff,Luxury,Shiny stuff,Exercise,Spicy flavors,Toil in the soil,Yes,Yes,Yes,Yes,Yes,Rare,"Morning, Day, Evening, Night","Sun, Cloud, Rain",Mossy rest spot,Yes,Yes,Yes,Yes,Yes,Very Rare,"Morning, Day, Evening, Night","Sun, Cloud, Rain",,,,,,,,,
#277,Tyrantrum,Rocky Ridges,Crush,Litter,Dry,Stone stuff,Hard stuff,Lots of fire,Luxury,Exercise,Sour Flavors,Despot fossil display,Yes,Yes,Yes,Yes,Yes,Common,"Morning, Day, Evening, Night","Sun, Cloud, Rain",,,,,,,,,,,,,,,,,,
#024,Slowpoke,Withered Wastelands,Water,Yawn,Humid,Lots of water,Cleanliness,Strange stuff,Soft stuff,Healing,Dry flavors,Seaside Tall Grass,Yes,Yes,Yes,Yes,Yes,Common,"Morning, Day, Evening, Night","Sun, Cloud, Rain",,,,,,,,,,,,,,,,,,
#276,Tyrunt,Rocky Ridges,Crush,,Dry,Stone stuff,Hard stuff,Lots of fire,Luxury,Exercise,Sweet Flavors,Jaw Fossil display,Yes,Yes,Yes,Yes,Yes,Common,"Morning, Day, Evening, Night","Sun, Cloud, Rain",,,,,,,,,,,,,,,,,,
#285,Umbreon,Palette Town,Search,,Dark,Shiny stuff,Luxury,Cute stuff,Letters and words,Watching stuff,Bitter flavors,Dark-chocolate cookies,No,No,No,No,Yes,Common,"Morning, Day, Evening, Night","Sun, Cloud, Rain",,,,,,,,,,,,,,,,,,
#281,Vaporeon,Palette Town,Water,,Humid,Lots of water,Cleanliness,Cute stuff,Pretty flowers,Watching stuff,Sweet Flavors,Boundless blue beverage,No,No,No,No,Yes,Common,"Morning, Day, Evening, Night","Sun, Cloud, Rain",,,,,,,,,,,,,,,,,,
#007,Squirtle,Withered Wastelands,Water,,Humid,Lots of water,Cleanliness,Healing,Cute stuff,Group Activites,Sweet Flavors,Tall Grass,Yes,Yes,Yes,Yes,Yes,Common,"Morning, Day, Evening, Night","Sun, Cloud, Rain",Hydrated tall grass,Yes,Yes,Yes,Yes,Yes,Common,"Morning, Day, Evening, Night","Sun, Cloud, Rain",,,,,,,,,
#008,Wartortle,Withered Wastelands,Water,,Humid,Lots of water,Cleanliness,Healing,Exercise,Hard stuff,Spicy flavors,Hydrated tall grass,Yes,Yes,Yes,Yes,Yes,Rare,"Morning, Day, Evening, Night","Sun, Cloud, Rain",,,,,,,,,,,,,,,,,,
#006,Charizard,Withered Wastelands,Burn,Fly,Warm,Lots of fire,Nice breezes,Wooden stuff,Exercise,Luxury,Spicy flavors,Tall Grass,Yes,Yes,Yes,Yes,Yes,Very Rare,"Morning, Day, Evening, Night","Sun, Cloud",Berry-feast Campsite,Yes,Yes,Yes,Yes,Yes,Rare,"Morning, Day, Evening, Night","Sun, Cloud",,,,,,,,,
#004,Charmander,Withered Wastelands,Burn,,Warm,Lots of fire,Wooden stuff,Hard stuff,Exercise,Group activities,Spicy flavors,Tall Grass,Yes,Yes,Yes,Yes,Yes,Common,"Morning, Day, Evening, Night","Sun, Cloud, Rain",,,,,,,,,,,,,,,,,,
#238,Vibrava,Sparkling Skylands,Bulldoze,Fly,Dry,Lots of dirt,Lots of fire,Lots of nature,Luxury,Noisy stuff,Bitter flavors,Pink tall grass,Yes,Yes,Yes,Yes,Yes,Rare,"Morning, Day, Evening, Night","Sun, Cloud, Rain",,,,,,,,,,,,,,,,,,
#005,Charmeleon,Withered Wastelands,Burn,,Warm,Lots of fire,Wooden stuff,Hard stuff,Exercise,Rides,Spicy flavors,Campsite,Yes,Yes,Yes,Yes,Yes,Common,"Morning, Day, Evening, Night","Sun, Cloud, Rain",,,,,,,,,,,,,,,,,,
#162,Magby,Withered Wastelands,Burn,,Warm,Lots of fire,Stone stuff,Watching stuff,Cute stuff,Wobbly stuff,Sweet Flavors,Pretty flower bed,Yes,Yes,Yes,Yes,Yes,Common,"Morning, Day, Evening, Night","Sun, Cloud, Rain",,,,,,,,,,,,,,,,,,
#070,Chandelure,Withered Wastelands,Burn,,Warm,Spooky stuff,Strange stuff,Lots of fire,Wobbly stuff,Watching stuff,Dry flavors,Creepy grave offering,Yes,Yes,Yes,Yes,Yes,Rare,"Morning, Day, Evening, Night","Sun, Cloud, Rain",,,,,,,,,,,,,,,,,,
#061,Drifloon,Withered Wastelands,Dream Island,,Warm,Spooky stuff,Strange stuff,Nice breezes,Cute stuff,Round stuff,Bitter flavors,Riding warm updrafts,Yes,Yes,Yes,Yes,Yes,Common,"Morning, Day, Evening, Night","Sun, Cloud, Rain",Bed with a plush,Yes,Yes,Yes,Yes,Yes,Common,"Morning, Day, Evening, Night","Sun, Cloud, Rain",Plush central,,,,,,,,
#293,Volcanion,Dream Island,Burn,,Warm,Lots of fire,Lots of water,Stone stuff,Containers,Symbols,Spicy flavors,,,,,,,,,,,,,,,,,,,,,,,,,,,
#184,Volcarona,Rocky Ridges,Burn,Litter,Dry,Lots of nature,Lots of fire,Letters and words,Wooden stuff,Symbols,Dry flavors,Tree-shaded graceful flower bed,Yes,Yes,Yes,Yes,Yes,Very Rare,"Morning, Day, Evening, Night","Sun, Cloud, Rain",Piping-hot lava,Yes,Yes,Yes,Yes,Yes,Rare,"Morning, Day, Evening, Night","Sun, Cloud, Rain",,,,,,,,,
#096,Voltorb,Bleak Beach,Generate,Explode,Bright,Electronics,Shiny stuff,Round stuff,Colorful stuff,Spinning stuff,Bitter flavors,Park bench,Yes,Yes,Yes,Yes,Yes,Common,"Morning, Day, Evening, Night","Sun, Cloud, Rain",Playing pirate,Yes,Yes,Yes,Yes,Yes,Common,"Morning, Day, Evening, Night","Sun, Cloud, Rain",,,,,,,,,
#207,Vulpix,Sparkling Skylands,Burn,,Warm,Lots of fire,Soft stuff,Cute stuff,Round stuff,Pretty flowers,Bitter flavors,Fluffy flower bed,Yes,Yes,Yes,Yes,Yes,Common,"Morning, Day, Evening, Night","Sun, Cloud, Rain",,,,,,,,,,,,,,,,,,
#069,Lampent,Withered Wastelands,Burn,,Warm,Spooky stuff,Strange stuff,Lots of fire,Wobbly stuff,Containers,Bitter flavors,Grave offering,Yes,Yes,Yes,Yes,Yes,Rare,"Morning, Day, Evening, Night","Sun, Cloud, Rain",Creepy grave offering,Yes,Yes,Yes,Yes,Yes,Common,"Morning, Day, Evening, Night","Sun, Cloud, Rain",,,,,,,,,
#266,Wattrel,Sparkling Skylands,Generate,,Bright,Electronics,Nice breezes,Ocean vibes,Gatherings,Complicated stuff,Spicy flavors,Elevated pink tall grass,Yes,Yes,Yes,Yes,Yes,Common,"Morning, Day, Evening, Night","Sun, Cloud, Rain",,,,,,,,,,,,,,,,,,
#068,Litwick,Withered Wastelands,Burn,,Warm,Spooky stuff,Strange stuff,Lots of fire,Wobbly stuff,Blocky stuff,Bitter flavors,Grave offering,Yes,Yes,Yes,Yes,Yes,Common,"Morning, Day, Evening, Night","Sun, Cloud, Rain",Creepy grave offering,Yes,Yes,Yes,Yes,Yes,Common,"Morning, Day, Evening, Night","Sun, Cloud, Rain",,,,,,,,,
#039,Weezing,Palette Town,Recyvle,,Dark,Garbage,Gatherings,Complicated stuff,Soft stuff,Wobbly stuff,Bitter flavors,Good old-fashioned antiques,No,No,No,No,Yes,Common,"Morning, Day, Evening, Night","Sun, Cloud, Rain",Trash collection site,No,No,No,No,Yes,Rare,"Morning, Day, Evening, Night","Sun, Cloud, Rain",,,,,,,,,
#153,Wigglytuff,Rocky Ridges,Hype,Trade,Bright,Soft stuff,Cute stuff,Play spaces,Healing,Group activities,Sour Flavors,Recital stage,Yes,Yes,Yes,Yes,Yes,Rare,"Morning, Day, Evening, Night","Sun, Cloud, Rain",,,,,,,,,,,,,,,,,,
#123,Wingull,Bleak Beach,Water,Fly,Humid,Lots of water,Nice breezes,Cleanliness,Ocean vibes,Watching stuff,Dry flavors,Elevated yellow tall grass,Yes,Yes,Yes,Yes,Yes,Common,"Morning, Day, Evening","Sun, Cloud, Rain",Windy Flower Bed,Yes,Yes,Yes,Yes,Yes,Common,"Morning, Day, Evening","Sun, Cloud, Rain",,,,,,,,,
#295,Zapdos,Dream Island,Fly,,Bright,Electronics,Nice breezes,Glass stuff,Symbols,Luxury,Spicy flavors,,,,,,,,,,,,,,,,,,,,,,,,,,,
#135,Zoroark,Bleak Beach,Trade,Chop,Dark,Shiny stuff,Luxury,Glass stuff,Strange stuff,Group activities,Spicy Flavors,Breezy flower bed,Yes,Yes,Yes,Yes,Yes,Rare,"Morning, Day, Evening, Night","Sun, Cloud, Rain",Surprise in store,Yes,Yes,Yes,Yes,Yes,Rare,"Morning, Day, Evening, Night","Sun, Cloud, Rain",,,,,,,,,
#134,Zorua,Bleak Beach,Trade,,Dark,Shiny stuff,Luxury,Glass stuff,Cute stuff,Group activities,Sour Flavors,Breezy flower bed,Yes,Yes,Yes,Yes,Yes,Common,"Morning, Day, Evening, Night","Sun, Cloud, Rain",,,,,,,,,,,,,,,,,,
#081,Zubat,Bleak Beach,Search,,Dark,Spooky stuff,Nice breezes,Wooden stuff,Noise stuff,Complicated stuff,Spicy flavors,Tree-shaded Yellow tall grass,Yes,Yes,Yes,Yes,Yes,Common,Night,"Sun, Cloud, Rain",Park bench,Yes,Yes,Yes,Yes,Yes,Common,Night,"Sun, Cloud, Rain",,,,,,,,,
